ID,상호명,업종,주소,구,동,지역권,메인메뉴,가격_원,주차유형,혼밥,2~4인,가족식사,단체수용,리뷰요약,추천태그,신뢰도,챗봇추천문장
1,온담 전주본점,"육류,고기요리",전북특별자치도 전주시 완산구 다가동2가 181 1층,완산구,다가동2가,객사·객리단길권,직각목살(150g),14000,없음,비추천,추천,추천,가능,목살을 중심으로 한 고기구이 전문점으로 데이트·친구모임·회식 방문 후기가 확인됨.,가족식사,B,"온담 전주본점은(는) 객사·객리단길권에 있는 육류,고기요리 식당입니다. 대표 메뉴는 직각목살(150g)이고 가격은 14,000원. 주차는 없음입니다. 혼밥은 비추천, 2~4인은 추천, 가족식사는 추천, 단체 이용은 가능입니다. 목살을 중심으로 한 고기구이 전문점으로 데이트·친구모임·회식 방문 후기가 확인됨."
2,돈카츠흑심 본점,돈가스,전북특별자치도 전주시 완산구 다가동1가 51-1 1층,완산구,다가동1가,객사·객리단길권,대표 돈카츠,14000,없음,추천,추천,가능,제한적,본점 이전 안내와 돈카츠 전문점 정보는 확인되나 현재 가격·주차 세부정보는 재확인이 필요함.,혼밥,C,"돈카츠흑심 본점은(는) 객사·객리단길권에 있는 돈가스 식당입니다. 대표 메뉴는 대표 돈카츠이고 가격은 11,000~17,000원(추정)이며 실제 메뉴판과 다를 수 있습니다. 주차는 없음입니다. 혼밥은 추천, 2~4인은 추천, 가족식사는 가능, 단체 이용은 제한적입니다. 본점 이전 안내와 돈카츠 전문점 정보는 확인되나 현재 가격·주차 세부정보는 재확인이 필요함."
3,아중국수,국수,전북특별자치도 전주시 덕진구 우아동1가 1107-10,덕진구,우아동1가,전주역·아중리권,대표 국수,9000,없음,추천,추천,가능,제한적,지역 국수집으로 소개되는 후기는 있으나 현재 메뉴 가격과 주차 정보는 부족함.,혼밥,C,"아중국수은(는) 전주역·아중리권에 있는 국수 식당입니다. 대표 메뉴는 대표 국수이고 가격은 7,000~11,000원(추정)이며 실제 메뉴판과 다를 수 있습니다. 주차는 없음입니다. 혼밥은 추천, 2~4인은 추천, 가족식사는 가능, 단체 이용은 제한적입니다. 지역 국수집으로 소개되는 후기는 있으나 현재 메뉴 가격과 주차 정보는 부족함."
4,초밥에덴 인후본점,"초밥,롤",전북특별자치도 전주시 덕진구 인후동1가 426-1 102호,덕진구,인후동1가,전주역·아중리권,모둠초밥,20000,없음,추천,추천,가능,제한적,초밥·롤 전문점이라는 기본 정보 외 최신 상세 리뷰 확인이 필요함.,혼밥,D,"초밥에덴 인후본점은(는) 전주역·아중리권에 있는 초밥,롤 식당입니다. 대표 메뉴는 모둠초밥이고 가격은 15,000~25,000원(추정)이며 실제 메뉴판과 다를 수 있습니다. 주차는 없음입니다. 혼밥은 추천, 2~4인은 추천, 가족식사는 가능, 단체 이용은 제한적입니다. 초밥·롤 전문점이라는 기본 정보 외 최신 상세 리뷰 확인이 필요함."
5,경성금돼지 전주본점,돼지고기구이,전북특별자치도 전주시 덕진구 인후동1가 836-8,덕진구,인후동1가,전주역·아중리권,숙성 돼지고기구이,18000,없음,비추천,추천,추천,가능,프리미엄 돼지고기구이와 모임 이용 후기가 있으나 가격·주차는 재확인 필요.,가족식사,C,"경성금돼지 전주본점은(는) 전주역·아중리권에 있는 돼지고기구이 식당입니다. 대표 메뉴는 숙성 돼지고기구이이고 가격은 14,000~22,000원(추정)이며 실제 메뉴판과 다를 수 있습니다. 주차는 없음입니다. 혼밥은 비추천, 2~4인은 추천, 가족식사는 추천, 단체 이용은 가능입니다. 프리미엄 돼지고기구이와 모임 이용 후기가 있으나 가격·주차는 재확인 필요."
6,자매갈비전골,"육류,고기요리",전북특별자치도 전주시 완산구 남노송동 536-1 자매갈비전골,완산구,남노송동,한옥마을·남부시장권,갈비전골(1인),19000,전용 없음·인근 공영주차장,가능,추천,추천,가능,전주식 물갈비로 유명하며 식사시간 웨이팅이 잦다. 전용 공간이 협소해 한옥마을 공영주차장 이용이 권장됨.,가족식사,A,"자매갈비전골은(는) 한옥마을·남부시장권에 있는 육류,고기요리 식당입니다. 대표 메뉴는 갈비전골(1인)이고 가격은 19,000원. 주차는 전용 없음·인근 공영주차장입니다. 혼밥은 가능, 2~4인은 추천, 가족식사는 추천, 단체 이용은 가능입니다. 전주식 물갈비로 유명하며 식사시간 웨이팅이 잦다. 전용 공간이 협소해 한옥마을 공영주차장 이용이 권장됨."
7,베테랑 칼국수,종합분식,전북특별자치도 전주시 완산구 교동 84-10,완산구,교동,한옥마을·남부시장권,칼국수,8000,전용 없음·한옥마을 공영주차장,추천,추천,추천,가능,들깨·김·계란이 들어간 걸쭉한 칼국수가 대표 메뉴다. 관광지 인기점이라 피크시간 대기와 공영주차 이용을 고려해야 함.,혼밥|가족식사,B,"베테랑 칼국수은(는) 한옥마을·남부시장권에 있는 종합분식 식당입니다. 대표 메뉴는 칼국수이고 가격은 8,000원. 주차는 전용 없음·한옥마을 공영주차장입니다. 혼밥은 추천, 2~4인은 추천, 가족식사는 추천, 단체 이용은 가능입니다. 들깨·김·계란이 들어간 걸쭉한 칼국수가 대표 메뉴다. 관광지 인기점이라 피크시간 대기와 공영주차 이용을 고려해야 함."
8,보라식당,요리주점,전북특별자치도 전주시 완산구 중앙동4가 31-24,완산구,중앙동4가,객사·객리단길권,어향가지튀김,18000,인근 유료주차장,비추천,추천,제한적,제한적,어향가지튀김과 바지락술찜파스타 등이 언급되는 요리주점이다. 술자리·데이트에 적합하고 인근 유료주차장을 이용하는 편이 안전함.,주차대안|술자리,B,"보라식당은(는) 객사·객리단길권에 있는 요리주점 식당입니다. 대표 메뉴는 어향가지튀김이고 가격은 18,000원. 주차는 인근 유료주차장입니다. 혼밥은 비추천, 2~4인은 추천, 가족식사는 제한적, 단체 이용은 제한적입니다. 어향가지튀김과 바지락술찜파스타 등이 언급되는 요리주점이다. 술자리·데이트에 적합하고 인근 유료주차장을 이용하는 편이 안전함."
9,동쿡바게트바,샌드위치,전북특별자치도 전주시 완산구 동완산동 400-2 1층,완산구,동완산동,동완산동,바게트 샌드위치,9000,없음,추천,가능,제한적,비추천,바게트 샌드위치를 중심으로 한 가벼운 식사형 매장으로 혼밥·포장에 적합하다.,혼밥,B,"동쿡바게트바은(는) 동완산동에 있는 샌드위치 식당입니다. 대표 메뉴는 바게트 샌드위치이고 가격은 8,000~10,000원대. 주차는 없음입니다. 혼밥은 추천, 2~4인은 가능, 가족식사는 제한적, 단체 이용은 비추천입니다. 바게트 샌드위치를 중심으로 한 가벼운 식사형 매장으로 혼밥·포장에 적합하다."
10,백수의 찬,일식당,전북특별자치도 전주시 완산구 전동 303-181 남부시장 2층 청년몰 백수의찬,완산구,전동,한옥마을·남부시장권,백스끼야끼,20000,남부시장 천변주차장,가능,추천,제한적,비추천,남부시장 청년몰의 작은 일식 매장으로 백스끼야끼가 대표적으로 언급된다. 시장 공영주차장을 이용하는 구조다.,주차대안,B,"백수의 찬은(는) 한옥마을·남부시장권에 있는 일식당 식당입니다. 대표 메뉴는 백스끼야끼이고 가격은 15,000~26,000원(추정)이며 실제 메뉴판과 다를 수 있습니다. 주차는 남부시장 천변주차장입니다. 혼밥은 가능, 2~4인은 추천, 가족식사는 제한적, 단체 이용은 비추천입니다. 남부시장 청년몰의 작은 일식 매장으로 백스끼야끼가 대표적으로 언급된다. 시장 공영주차장을 이용하는 구조다."
11,우정식당,국밥,전북특별자치도 전주시 완산구 전동3가 2-118 남부시장,완산구,전동3가,한옥마을·남부시장권,대표 국밥,10000,남부시장 천변주차장,추천,추천,가능,제한적,남부시장 내 국밥집으로 시장 주차장을 활용할 수 있으나 최신 가격과 좌석 규모는 재확인이 필요함.,혼밥|주차대안,C,"우정식당은(는) 한옥마을·남부시장권에 있는 국밥 식당입니다. 대표 메뉴는 대표 국밥이고 가격은 9,000~12,000원(추정)이며 실제 메뉴판과 다를 수 있습니다. 주차는 남부시장 천변주차장입니다. 혼밥은 추천, 2~4인은 추천, 가족식사는 가능, 단체 이용은 제한적입니다. 남부시장 내 국밥집으로 시장 주차장을 활용할 수 있으나 최신 가격과 좌석 규모는 재확인이 필요함."
12,허가낸닭발,닭발,전북특별자치도 전주시 완산구 풍남동1가 17-1 허가낸닭발,완산구,풍남동1가,한옥마을·남부시장권,닭발,23000,없음,비추천,추천,비추천,가능,닭발·꼼장어를 찾는 술자리 방문 후기가 있으며 혼밥·가족식사보다는 2~4인 술자리에 적합함.,주차대안|술자리,C,"허가낸닭발은(는) 한옥마을·남부시장권에 있는 닭발 식당입니다. 대표 메뉴는 닭발이고 가격은 18,000~28,000원(추정)이며 실제 메뉴판과 다를 수 있습니다. 주차는 없음입니다. 혼밥은 비추천, 2~4인은 추천, 가족식사는 비추천, 단체 이용은 가능입니다. 닭발·꼼장어를 찾는 술자리 방문 후기가 있으며 혼밥·가족식사보다는 2~4인 술자리에 적합함."
13,해태바베큐,"치킨,닭강정",전북특별자치도 전주시 완산구 경원동2가 7-6,완산구,경원동2가,한옥마을·남부시장권,바베큐치킨 한 마리,24000,전용 없음·인근 공영주차장,비추천,추천,가능,가능,단일 바베큐치킨 메뉴 중심의 노포형 매장이다. 전용주차장은 없고 객사권 공영주차장 이용이 필요하다.,,A,"해태바베큐은(는) 한옥마을·남부시장권에 있는 치킨,닭강정 식당입니다. 대표 메뉴는 바베큐치킨 한 마리이고 가격은 24,000원. 주차는 전용 없음·인근 공영주차장입니다. 혼밥은 비추천, 2~4인은 추천, 가족식사는 가능, 단체 이용은 가능입니다. 단일 바베큐치킨 메뉴 중심의 노포형 매장이다. 전용주차장은 없고 객사권 공영주차장 이용이 필요하다."
14,전주왱이콩나물국밥전문점,국밥,전북특별자치도 전주시 완산구 경원동2가 12-1,완산구,경원동2가,한옥마을·남부시장권,전주왱이국밥,9000,건물 뒤 전용주차장,추천,추천,추천,가능,수란이 함께 나오는 전주식 콩나물국밥으로 혼밥과 가족 아침식사 모두 적합하다. 건물 뒤 전용주차장 후기가 확인됨.,혼밥|가족식사|주차대안,A,"전주왱이콩나물국밥전문점은(는) 한옥마을·남부시장권에 있는 국밥 식당입니다. 대표 메뉴는 전주왱이국밥이고 가격은 9,000원. 주차는 건물 뒤 전용주차장입니다. 혼밥은 추천, 2~4인은 추천, 가족식사는 추천, 단체 이용은 가능입니다. 수란이 함께 나오는 전주식 콩나물국밥으로 혼밥과 가족 아침식사 모두 적합하다. 건물 뒤 전용주차장 후기가 확인됨."
15,영동슈퍼닭발 본점,"맥주,호프",전북특별자치도 전주시 완산구 경원동3가 15-6,완산구,경원동3가,객사·객리단길권,슈퍼닭발,23000,없음,비추천,추천,비추천,가능,닭발과 치킨류를 함께 먹는 가맥·호프 분위기로 술자리와 모임에 적합한 편.,술자리,C,"영동슈퍼닭발 본점은(는) 객사·객리단길권에 있는 맥주,호프 식당입니다. 대표 메뉴는 슈퍼닭발이고 가격은 18,000~28,000원(추정)이며 실제 메뉴판과 다를 수 있습니다. 주차는 없음입니다. 혼밥은 비추천, 2~4인은 추천, 가족식사는 비추천, 단체 이용은 가능입니다. 닭발과 치킨류를 함께 먹는 가맥·호프 분위기로 술자리와 모임에 적합한 편."
16,진미반점,중식당,전북특별자치도 전주시 완산구 중앙동2가 44-1,완산구,중앙동2가,객사·객리단길권,해물물짜장,10000,매장 앞 일부 가능,추천,추천,추천,가능,해물물짜장이 대표적으로 언급되며 매장 앞 주차 후기가 있다. 중식 특성상 혼밥부터 가족식사까지 폭넓게 이용 가능.,혼밥|가족식사,B,"진미반점은(는) 객사·객리단길권에 있는 중식당 식당입니다. 대표 메뉴는 해물물짜장이고 가격은 10,000원. 주차는 매장 앞 일부 가능입니다. 혼밥은 추천, 2~4인은 추천, 가족식사는 추천, 단체 이용은 가능입니다. 해물물짜장이 대표적으로 언급되며 매장 앞 주차 후기가 있다. 중식 특성상 혼밥부터 가족식사까지 폭넓게 이용 가능."
17,다이닝스푼,이탈리아음식,전북특별자치도 전주시 완산구 고사동 238 1층,완산구,고사동,객사·객리단길권,파스타,18000,없음,추천,추천,가능,제한적,온라인에서 신뢰할 만한 최신 상세 리뷰를 충분히 확인하지 못해 업종 특성 중심으로 분류함.,혼밥,D,"다이닝스푼은(는) 객사·객리단길권에 있는 이탈리아음식 식당입니다. 대표 메뉴는 파스타이고 가격은 14,000~22,000원(추정)이며 실제 메뉴판과 다를 수 있습니다. 주차는 없음입니다. 혼밥은 추천, 2~4인은 추천, 가족식사는 가능, 단체 이용은 제한적입니다. 온라인에서 신뢰할 만한 최신 상세 리뷰를 충분히 확인하지 못해 업종 특성 중심으로 분류함."
18,가마,양식,전북특별자치도 전주시 완산구 고사동 172-1 2층 가마,완산구,고사동,객사·객리단길권,화덕피자·파스타 중 대표 메뉴,18000,없음,추천,추천,가능,제한적,온라인에서 신뢰할 만한 최신 상세 리뷰를 충분히 확인하지 못해 업종 특성 중심으로 분류함.,혼밥,D,"가마은(는) 객사·객리단길권에 있는 양식 식당입니다. 대표 메뉴는 화덕피자·파스타 중 대표 메뉴이고 가격은 14,000~22,000원(추정)이며 실제 메뉴판과 다를 수 있습니다. 주차는 없음입니다. 혼밥은 추천, 2~4인은 추천, 가족식사는 가능, 단체 이용은 제한적입니다. 온라인에서 신뢰할 만한 최신 상세 리뷰를 충분히 확인하지 못해 업종 특성 중심으로 분류함."
19,동락,일식당,전북특별자치도 전주시 완산구 중앙동3가 88-1 동락,완산구,중앙동3가,객사·객리단길권,대표 일식 정식,20000,없음,추천,추천,가능,제한적,온라인에서 신뢰할 만한 최신 상세 리뷰를 충분히 확인하지 못해 업종 특성 중심으로 분류함.,혼밥,D,"동락은(는) 객사·객리단길권에 있는 일식당 식당입니다. 대표 메뉴는 대표 일식 정식이고 가격은 15,000~26,000원(추정)이며 실제 메뉴판과 다를 수 있습니다. 주차는 없음입니다. 혼밥은 추천, 2~4인은 추천, 가족식사는 가능, 단체 이용은 제한적입니다. 온라인에서 신뢰할 만한 최신 상세 리뷰를 충분히 확인하지 못해 업종 특성 중심으로 분류함."
20,지복점,한식,전북특별자치도 전주시 완산구 전동3가 61 1층,완산구,전동3가,한옥마을·남부시장권,숯불함박,15000,없음,비추천,추천,추천,가능,온라인에서 신뢰할 만한 최신 상세 리뷰를 충분히 확인하지 못해 업종 특성 중심으로 분류함.,가족식사,D,"지복점은(는) 한옥마을·남부시장권에 있는 한식 식당입니다. 대표 메뉴는 숯불함박이고 가격은 12,000~18,000원(추정)이며 실제 메뉴판과 다를 수 있습니다. 주차는 없음입니다. 혼밥은 비추천, 2~4인은 추천, 가족식사는 추천, 단체 이용은 가능입니다. 온라인에서 신뢰할 만한 최신 상세 리뷰를 충분히 확인하지 못해 업종 특성 중심으로 분류함."
21,대보장,중식당,전북특별자치도 전주시 완산구 중앙동4가 16-1,완산구,중앙동4가,객사·객리단길권,물짜장,10000,없음,추천,추천,가능,제한적,온라인에서 신뢰할 만한 최신 상세 리뷰를 충분히 확인하지 못해 업종 특성 중심으로 분류함.,혼밥,D,"대보장은(는) 객사·객리단길권에 있는 중식당 식당입니다. 대표 메뉴는 물짜장이고 가격은 8,000~13,000원(추정)이며 실제 메뉴판과 다를 수 있습니다. 주차는 없음입니다. 혼밥은 추천, 2~4인은 추천, 가족식사는 가능, 단체 이용은 제한적입니다. 온라인에서 신뢰할 만한 최신 상세 리뷰를 충분히 확인하지 못해 업종 특성 중심으로 분류함."
22,또순이네집,한식,전북특별자치도 전주시 완산구 고사동 443-6,완산구,고사동,객사·객리단길권,대표 한식 메뉴,12000,없음,비추천,추천,추천,가능,온라인에서 신뢰할 만한 최신 상세 리뷰를 충분히 확인하지 못해 업종 특성 중심으로 분류함.,가족식사,D,"또순이네집은(는) 객사·객리단길권에 있는 한식 식당입니다. 대표 메뉴는 대표 한식 메뉴이고 가격은 9,000~16,000원(추정)이며 실제 메뉴판과 다를 수 있습니다. 주차는 없음입니다. 혼밥은 비추천, 2~4인은 추천, 가족식사는 추천, 단체 이용은 가능입니다. 온라인에서 신뢰할 만한 최신 상세 리뷰를 충분히 확인하지 못해 업종 특성 중심으로 분류함."
23,효자수산,요리주점,전북특별자치도 전주시 완산구 중앙동1가 31-1 1층 효자수산,완산구,중앙동1가,객사·객리단길권,광어·연어 모둠회,45000,없음,비추천,추천,제한적,가능,복고풍 해산물 요리주점으로 회·초밥밥·안주 구성이 언급된다. 가족식사보다는 친구 모임·술자리에 적합함.,술자리,C,"효자수산은(는) 객사·객리단길권에 있는 요리주점 식당입니다. 대표 메뉴는 광어·연어 모둠회이고 가격은 30,000~60,000원(추정)이며 실제 메뉴판과 다를 수 있습니다. 주차는 없음입니다. 혼밥은 비추천, 2~4인은 추천, 가족식사는 제한적, 단체 이용은 가능입니다. 복고풍 해산물 요리주점으로 회·초밥밥·안주 구성이 언급된다. 가족식사보다는 친구 모임·술자리에 적합함."
24,작은바닷고기,이자카야,전북특별자치도 전주시 완산구 다가동1가 52-1 1층 작은바닷고기,완산구,다가동1가,객사·객리단길권,오늘의 사시미,8000,없음,비추천,추천,비추천,제한적,오늘의 사시미와 명란감자구이 등 작은 접시 안주가 저렴하다는 후기가 있다. 소규모 2~4인 술자리에 적합함.,술자리,B,"작은바닷고기은(는) 객사·객리단길권에 있는 이자카야 식당입니다. 대표 메뉴는 오늘의 사시미이고 가격은 7,000원~1만원대 안주. 주차는 없음입니다. 혼밥은 비추천, 2~4인은 추천, 가족식사는 비추천, 단체 이용은 제한적입니다. 오늘의 사시미와 명란감자구이 등 작은 접시 안주가 저렴하다는 후기가 있다. 소규모 2~4인 술자리에 적합함."
25,도파멘,일본식라면,전북특별자치도 전주시 완산구 다가동1가 8 1층,완산구,다가동1가,객사·객리단길권,시오친탄 라멘,12000,인근 시청·공영주차장,추천,추천,가능,비추천,"라멘과 무료밥, 굴튀김 조합 후기가 있으며 객사권 공영주차장을 이용하는 편이 적절하다. 혼밥에 유리함.",혼밥|주차대안,B,"도파멘은(는) 객사·객리단길권에 있는 일본식라면 식당입니다. 대표 메뉴는 시오친탄 라멘이고 가격은 10,000~14,000원(추정)이며 실제 메뉴판과 다를 수 있습니다. 주차는 인근 시청·공영주차장입니다. 혼밥은 추천, 2~4인은 추천, 가족식사는 가능, 단체 이용은 비추천입니다. 라멘과 무료밥, 굴튀김 조합 후기가 있으며 객사권 공영주차장을 이용하는 편이 적절하다. 혼밥에 유리함."
26,꽃,요리주점,전북특별자치도 전주시 완산구 중앙동1가 51,완산구,중앙동1가,객사·객리단길권,대표 요리주점 안주,22000,없음,비추천,추천,비추천,가능,온라인에서 신뢰할 만한 최신 상세 리뷰를 충분히 확인하지 못해 업종 특성 중심으로 분류함.,술자리,D,"꽃은(는) 객사·객리단길권에 있는 요리주점 식당입니다. 대표 메뉴는 대표 요리주점 안주이고 가격은 15,000~30,000원(추정)이며 실제 메뉴판과 다를 수 있습니다. 주차는 없음입니다. 혼밥은 비추천, 2~4인은 추천, 가족식사는 비추천, 단체 이용은 가능입니다. 온라인에서 신뢰할 만한 최신 상세 리뷰를 충분히 확인하지 못해 업종 특성 중심으로 분류함."
27,효자막창 객사본점,"곱창,막창,양",전북특별자치도 전주시 완산구 다가동3가 23-3 1층 효자막창,완산구,다가동3가,객사·객리단길권,한우곱창구이,18000,인근 유료주차 1시간 지원 후기,비추천,추천,가능,추천,곱창·막창 중심으로 모임과 회식 이용 후기가 확인된다. 인근 유료주차장 1시간 지원 후기가 있으나 방문 전 확인 권장.,단체모임|주차대안,B,"효자막창 객사본점은(는) 객사·객리단길권에 있는 곱창,막창,양 식당입니다. 대표 메뉴는 한우곱창구이이고 가격은 18,000원. 주차는 인근 유료주차 1시간 지원 후기입니다. 혼밥은 비추천, 2~4인은 추천, 가족식사는 가능, 단체 이용은 추천입니다. 곱창·막창 중심으로 모임과 회식 이용 후기가 확인된다. 인근 유료주차장 1시간 지원 후기가 있으나 방문 전 확인 권장."
28,화녕 객리단길본점,요리주점,전북특별자치도 전주시 완산구 다가동3가 53-3 1층 화녕,완산구,다가동3가,객사·객리단길권,매운 양푼갈비찜,28000,없음,비추천,추천,가능,가능,매운 갈비찜과 보쌈 세트가 언급되며 2~4인 식사·술자리에 적합하다. 매운맛 때문에 어린이 동반은 메뉴 선택이 필요함.,술자리,B,"화녕 객리단길본점은(는) 객사·객리단길권에 있는 요리주점 식당입니다. 대표 메뉴는 매운 양푼갈비찜이고 가격은 28,000원. 주차는 없음입니다. 혼밥은 비추천, 2~4인은 추천, 가족식사는 가능, 단체 이용은 가능입니다. 매운 갈비찜과 보쌈 세트가 언급되며 2~4인 식사·술자리에 적합하다. 매운맛 때문에 어린이 동반은 메뉴 선택이 필요함."
29,프프프,아시아음식,전북특별자치도 전주시 완산구 고사동 473-9 1층,완산구,고사동,객사·객리단길권,아시아 퓨전 요리,18000,없음,가능,추천,가능,미확인,온라인에서 신뢰할 만한 최신 상세 리뷰를 충분히 확인하지 못해 업종 특성 중심으로 분류함.,,D,"프프프은(는) 객사·객리단길권에 있는 아시아음식 식당입니다. 대표 메뉴는 아시아 퓨전 요리이고 가격은 13,000~22,000원(추정)이며 실제 메뉴판과 다를 수 있습니다. 주차는 없음입니다. 혼밥은 가능, 2~4인은 추천, 가족식사는 가능, 단체 이용은 미확인입니다. 온라인에서 신뢰할 만한 최신 상세 리뷰를 충분히 확인하지 못해 업종 특성 중심으로 분류함."
30,다가생구이 본점,"육류,고기요리",전북특별자치도 전주시 완산구 고사동 462-9,완산구,고사동,객사·객리단길권,생고기구이,18000,인근 공영주차장·1시간권 후기,비추천,추천,추천,가능,고기구이 모임형 매장으로 인근 공영주차장 이용 및 주차권 제공 후기가 있다.,가족식사|주차대안,B,"다가생구이 본점은(는) 객사·객리단길권에 있는 육류,고기요리 식당입니다. 대표 메뉴는 생고기구이이고 가격은 14,000~22,000원(추정)이며 실제 메뉴판과 다를 수 있습니다. 주차는 인근 공영주차장·1시간권 후기입니다. 혼밥은 비추천, 2~4인은 추천, 가족식사는 추천, 단체 이용은 가능입니다. 고기구이 모임형 매장으로 인근 공영주차장 이용 및 주차권 제공 후기가 있다."
31,몽유도 전주본점,"육류,고기요리",전북특별자치도 전주시 완산구 다가동3가 6-1,완산구,다가동3가,객사·객리단길권,고기구이,18000,없음,비추천,추천,추천,가능,온라인에서 신뢰할 만한 최신 상세 리뷰를 충분히 확인하지 못해 업종 특성 중심으로 분류함.,가족식사,D,"몽유도 전주본점은(는) 객사·객리단길권에 있는 육류,고기요리 식당입니다. 대표 메뉴는 고기구이이고 가격은 14,000~22,000원(추정)이며 실제 메뉴판과 다를 수 있습니다. 주차는 없음입니다. 혼밥은 비추천, 2~4인은 추천, 가족식사는 추천, 단체 이용은 가능입니다. 온라인에서 신뢰할 만한 최신 상세 리뷰를 충분히 확인하지 못해 업종 특성 중심으로 분류함."
32,어시장,생선회,전북특별자치도 전주시 완산구 다가동3가 53-5 1층,완산구,다가동3가,객사·객리단길권,숙성 모둠회,45000,없음,비추천,추천,제한적,비추천,숙성회로 인기가 높지만 공간이 좁고 대기·소음 후기가 있어 2~4인 방문에 더 적합하다.,,B,"어시장은(는) 객사·객리단길권에 있는 생선회 식당입니다. 대표 메뉴는 숙성 모둠회이고 가격은 30,000~60,000원(추정)이며 실제 메뉴판과 다를 수 있습니다. 주차는 없음입니다. 혼밥은 비추천, 2~4인은 추천, 가족식사는 제한적, 단체 이용은 비추천입니다. 숙성회로 인기가 높지만 공간이 좁고 대기·소음 후기가 있어 2~4인 방문에 더 적합하다."
33,초로초로,이자카야,전북특별자치도 전주시 완산구 다가동4가 55-6 1층,완산구,다가동4가,객사·객리단길권,소접시 이자카야 안주,22000,없음,비추천,추천,비추천,비추천,저렴한 소접시 안주를 즐기는 2·3차용 이자카야로 공간이 좁아 단체에는 부적합하다는 후기가 있다.,술자리,B,"초로초로은(는) 객사·객리단길권에 있는 이자카야 식당입니다. 대표 메뉴는 소접시 이자카야 안주이고 가격은 15,000~30,000원(추정)이며 실제 메뉴판과 다를 수 있습니다. 주차는 없음입니다. 혼밥은 비추천, 2~4인은 추천, 가족식사는 비추천, 단체 이용은 비추천입니다. 저렴한 소접시 안주를 즐기는 2·3차용 이자카야로 공간이 좁아 단체에는 부적합하다는 후기가 있다."
34,오원집 본점,"육류,고기요리",전북특별자치도 전주시 완산구 태평동 10-9,완산구,태평동,객사·객리단길권,연탄불고기,12000,없음,가능,추천,가능,가능,연탄불고기가 대표인 전주 노포형 식당으로 식사와 술자리를 함께 하기 좋다.,,B,"오원집 본점은(는) 객사·객리단길권에 있는 육류,고기요리 식당입니다. 대표 메뉴는 연탄불고기이고 가격은 12,000원. 주차는 없음입니다. 혼밥은 가능, 2~4인은 추천, 가족식사는 가능, 단체 이용은 가능입니다. 연탄불고기가 대표인 전주 노포형 식당으로 식사와 술자리를 함께 하기 좋다."
35,전주예산집아구탕,"아귀찜,해물찜",전북특별자치도 전주시 완산구 서노송동 686-4 전주예산집아구탕,완산구,서노송동,객사·객리단길권,아구탕,45000,없음,비추천,추천,추천,가능,온라인에서 신뢰할 만한 최신 상세 리뷰를 충분히 확인하지 못해 업종 특성 중심으로 분류함.,가족식사,D,"전주예산집아구탕은(는) 객사·객리단길권에 있는 아귀찜,해물찜 식당입니다. 대표 메뉴는 아구탕이고 가격은 35,000~55,000원(추정)이며 실제 메뉴판과 다를 수 있습니다. 주차는 없음입니다. 혼밥은 비추천, 2~4인은 추천, 가족식사는 추천, 단체 이용은 가능입니다. 온라인에서 신뢰할 만한 최신 상세 리뷰를 충분히 확인하지 못해 업종 특성 중심으로 분류함."
36,양평해장국 본점,해장국,전북특별자치도 전주시 덕진구 진북동 991-2,덕진구,진북동,진북동권,양평해장국,10000,없음,추천,추천,가능,제한적,온라인에서 신뢰할 만한 최신 상세 리뷰를 충분히 확인하지 못해 업종 특성 중심으로 분류함.,혼밥,D,"양평해장국 본점은(는) 진북동권에 있는 해장국 식당입니다. 대표 메뉴는 양평해장국이고 가격은 9,000~12,000원(추정)이며 실제 메뉴판과 다를 수 있습니다. 주차는 없음입니다. 혼밥은 추천, 2~4인은 추천, 가족식사는 가능, 단체 이용은 제한적입니다. 온라인에서 신뢰할 만한 최신 상세 리뷰를 충분히 확인하지 못해 업종 특성 중심으로 분류함."
37,카츠모리조,돈가스,전북특별자치도 전주시 완산구 중화산동2가 24-15 2층,완산구,중화산동2가,중화산동권,특로스카츠,12000,인근 공영·노상주차,추천,추천,가능,제한적,프리미엄 돈카츠로 혼밥과 2~4인 식사에 적합하며 식사시간 대기 후기가 있다. 주차는 인근 공영·노상 공간을 활용.,혼밥|주차대안,B,"카츠모리조은(는) 중화산동권에 있는 돈가스 식당입니다. 대표 메뉴는 특로스카츠이고 가격은 12,000원. 주차는 인근 공영·노상주차입니다. 혼밥은 추천, 2~4인은 추천, 가족식사는 가능, 단체 이용은 제한적입니다. 프리미엄 돈카츠로 혼밥과 2~4인 식사에 적합하며 식사시간 대기 후기가 있다. 주차는 인근 공영·노상 공간을 활용."
38,목포홍어횟집,생선회,전북특별자치도 전주시 완산구 중화산동2가 533-2 목포홍어횟집,완산구,중화산동2가,중화산동권,홍어삼합,55000,없음,비추천,추천,추천,가능,온라인에서 신뢰할 만한 최신 상세 리뷰를 충분히 확인하지 못해 업종 특성 중심으로 분류함.,가족식사,D,"목포홍어횟집은(는) 중화산동권에 있는 생선회 식당입니다. 대표 메뉴는 홍어삼합이고 가격은 40,000~70,000원(추정)이며 실제 메뉴판과 다를 수 있습니다. 주차는 없음입니다. 혼밥은 비추천, 2~4인은 추천, 가족식사는 추천, 단체 이용은 가능입니다. 온라인에서 신뢰할 만한 최신 상세 리뷰를 충분히 확인하지 못해 업종 특성 중심으로 분류함."
39,파오파오 직영점,종합분식,전북특별자치도 전주시 완산구 효자동1가 388,완산구,효자동1가,효자동권,만두 8개,6000,없음,추천,가능,가능,비추천,만두를 가볍게 먹거나 포장하기 좋은 분식점으로 단체 식사보다는 소규모 이용에 적합함.,혼밥,B,"파오파오 직영점은(는) 효자동권에 있는 종합분식 식당입니다. 대표 메뉴는 만두 8개이고 가격은 6,000원. 주차는 없음입니다. 혼밥은 추천, 2~4인은 가능, 가족식사는 가능, 단체 이용은 비추천입니다. 만두를 가볍게 먹거나 포장하기 좋은 분식점으로 단체 식사보다는 소규모 이용에 적합함."
40,오선모 옛날김밥,김밥,전북특별자치도 전주시 완산구 삼천동1가 599-5,완산구,삼천동1가,삼천동권,당근김밥,4000,전용 없음·인근 공영주차장,추천,가능,가능,비추천,당근이 많이 들어간 단일 김밥으로 유명하며 포장 중심이다. 전용주차장은 없고 인근 공영주차장 이용이 권장됨.,혼밥,A,"오선모 옛날김밥은(는) 삼천동권에 있는 김밥 식당입니다. 대표 메뉴는 당근김밥이고 가격은 4,000원. 주차는 전용 없음·인근 공영주차장입니다. 혼밥은 추천, 2~4인은 가능, 가족식사는 가능, 단체 이용은 비추천입니다. 당근이 많이 들어간 단일 김밥으로 유명하며 포장 중심이다. 전용주차장은 없고 인근 공영주차장 이용이 권장됨."
41,육일식당,감자탕,전북특별자치도 전주시 완산구 삼천동2가 275-3,완산구,삼천동2가,삼천동권,고구마순 감자탕,38000,주차 가능,비추천,추천,추천,추천,고구마순이 들어간 감자탕으로 가족·단체 식사 후기가 있으며 주차·포장·단체 이용 정보가 확인됨.,가족식사|단체모임|주차대안,B,"육일식당은(는) 삼천동권에 있는 감자탕 식당입니다. 대표 메뉴는 고구마순 감자탕이고 가격은 30,000~45,000원(추정)이며 실제 메뉴판과 다를 수 있습니다. 주차는 주차 가능입니다. 혼밥은 비추천, 2~4인은 추천, 가족식사는 추천, 단체 이용은 추천입니다. 고구마순이 들어간 감자탕으로 가족·단체 식사 후기가 있으며 주차·포장·단체 이용 정보가 확인됨."
42,현대옥 전주본점,국밥,전북특별자치도 전주시 완산구 중화산동2가 757-3,완산구,중화산동2가,중화산동권,전주남부시장식 콩나물국밥,9000,대형 전용주차장,추천,추천,추천,추천,콩나물국밥 전문 대형 본점으로 혼밥·가족·단체 모두 이용하기 쉽고 주차 공간이 넓다는 후기가 많다.,혼밥|가족식사|단체모임|주차대안,A,"현대옥 전주본점은(는) 중화산동권에 있는 국밥 식당입니다. 대표 메뉴는 전주남부시장식 콩나물국밥이고 가격은 9,000원. 주차는 대형 전용주차장입니다. 혼밥은 추천, 2~4인은 추천, 가족식사는 추천, 단체 이용은 추천입니다. 콩나물국밥 전문 대형 본점으로 혼밥·가족·단체 모두 이용하기 쉽고 주차 공간이 넓다는 후기가 많다."
43,신날개,불닭,전북특별자치도 전주시 완산구 중화산동2가 770-5,완산구,중화산동2가,중화산동권,매운 닭날개,8500,전용 없음·인근 공영주차장,비추천,추천,비추천,가능,매운 닭날개 중심의 술자리 식당으로 전용주차장이 없다는 후기가 있다. 매운맛 때문에 가족식사는 제한적.,,B,"신날개은(는) 중화산동권에 있는 불닭 식당입니다. 대표 메뉴는 매운 닭날개이고 가격은 8,500원. 주차는 전용 없음·인근 공영주차장입니다. 혼밥은 비추천, 2~4인은 추천, 가족식사는 비추천, 단체 이용은 가능입니다. 매운 닭날개 중심의 술자리 식당으로 전용주차장이 없다는 후기가 있다. 매운맛 때문에 가족식사는 제한적."
44,중화산동 목로국밥,국밥,전북특별자치도 전주시 완산구 중화산동2가 574-11 목로국밥,완산구,중화산동2가,중화산동권,목로국밥,16000,없음,추천,가능,제한적,비추천,바 좌석 중심의 작은 국밥집이라 혼밥에는 좋지만 가족·단체 방문에는 공간상 제약이 큼.,혼밥,B,"중화산동 목로국밥은(는) 중화산동권에 있는 국밥 식당입니다. 대표 메뉴는 목로국밥이고 가격은 16,000원. 주차는 없음입니다. 혼밥은 추천, 2~4인은 가능, 가족식사는 제한적, 단체 이용은 비추천입니다. 바 좌석 중심의 작은 국밥집이라 혼밥에는 좋지만 가족·단체 방문에는 공간상 제약이 큼."
45,배두둑감자탕,감자탕,전북특별자치도 전주시 완산구 중화산동2가 656-5,완산구,중화산동2가,중화산동권,뼈다귀전골 소,25000,주차 가능,비추천,추천,추천,추천,뼈다귀전골 중심으로 가족식사·단체모임에 적합하며 주차·예약·단체 이용 정보가 확인됨.,가족식사|단체모임|주차대안,A,"배두둑감자탕은(는) 중화산동권에 있는 감자탕 식당입니다. 대표 메뉴는 뼈다귀전골 소이고 가격은 25,000원. 주차는 주차 가능입니다. 혼밥은 비추천, 2~4인은 추천, 가족식사는 추천, 단체 이용은 추천입니다. 뼈다귀전골 중심으로 가족식사·단체모임에 적합하며 주차·예약·단체 이용 정보가 확인됨."
46,기성이네 칼국수 계절회 옛날치킨,요리주점,전북특별자치도 전주시 완산구 서신동 838 1층(대로변),완산구,서신동,서신동권,생굴 한 접시,15000,전용 없음·골목/노상,가능,추천,가능,가능,계절회·생굴·칼국수·옛날치킨을 함께 파는 술자리형 식당이다. 전용주차장은 없고 주변 골목 주차 후기가 있음.,술자리,B,"기성이네 칼국수 계절회 옛날치킨은(는) 서신동권에 있는 요리주점 식당입니다. 대표 메뉴는 생굴 한 접시이고 가격은 15,000원. 주차는 전용 없음·골목/노상입니다. 혼밥은 가능, 2~4인은 추천, 가족식사는 가능, 단체 이용은 가능입니다. 계절회·생굴·칼국수·옛날치킨을 함께 파는 술자리형 식당이다. 전용주차장은 없고 주변 골목 주차 후기가 있음."
47,독도쭈꾸미,한식,전북특별자치도 전주시 완산구 서신동 830-7,완산구,서신동,서신동권,쭈꾸미볶음,14000,없음,비추천,추천,추천,가능,온라인에서 신뢰할 만한 최신 상세 리뷰를 충분히 확인하지 못해 업종 특성 중심으로 분류함.,가족식사,D,"독도쭈꾸미은(는) 서신동권에 있는 한식 식당입니다. 대표 메뉴는 쭈꾸미볶음이고 가격은 12,000~17,000원(추정)이며 실제 메뉴판과 다를 수 있습니다. 주차는 없음입니다. 혼밥은 비추천, 2~4인은 추천, 가족식사는 추천, 단체 이용은 가능입니다. 온라인에서 신뢰할 만한 최신 상세 리뷰를 충분히 확인하지 못해 업종 특성 중심으로 분류함."
48,후켄,"치킨,닭강정",전북특별자치도 전주시 완산구 서신동 765-1 전주아아파트,완산구,서신동,서신동권,후라이드치킨,22000,없음,가능,추천,가능,미확인,온라인에서 신뢰할 만한 최신 상세 리뷰를 충분히 확인하지 못해 업종 특성 중심으로 분류함.,,D,"후켄은(는) 서신동권에 있는 치킨,닭강정 식당입니다. 대표 메뉴는 후라이드치킨이고 가격은 19,000~26,000원(추정)이며 실제 메뉴판과 다를 수 있습니다. 주차는 없음입니다. 혼밥은 가능, 2~4인은 추천, 가족식사는 가능, 단체 이용은 미확인입니다. 온라인에서 신뢰할 만한 최신 상세 리뷰를 충분히 확인하지 못해 업종 특성 중심으로 분류함."
49,여만국수전문점,국수,전북특별자치도 전주시 덕진구 덕진동1가 1405-35 1층,덕진구,덕진동1가,전북대·덕진공원권,잔치국수,7000,전용 없음·전북대 공영/유료,추천,추천,가능,제한적,가성비 국수집으로 혼밥과 학생 식사에 적합하다. 전북대 상권 특성상 전용주차보다는 인근 유료·공영주차 이용이 현실적.,혼밥,B,"여만국수전문점은(는) 전북대·덕진공원권에 있는 국수 식당입니다. 대표 메뉴는 잔치국수이고 가격은 7,000원. 주차는 전용 없음·전북대 공영/유료입니다. 혼밥은 추천, 2~4인은 추천, 가족식사는 가능, 단체 이용은 제한적입니다. 가성비 국수집으로 혼밥과 학생 식사에 적합하다. 전북대 상권 특성상 전용주차보다는 인근 유료·공영주차 이용이 현실적."
50,소몽 전북대점,한식,전북특별자치도 전주시 덕진구 덕진동1가 1404-34 1층,덕진구,덕진동1가,전북대·덕진공원권,대표 한식 메뉴,12000,없음,비추천,추천,추천,가능,온라인에서 신뢰할 만한 최신 상세 리뷰를 충분히 확인하지 못해 업종 특성 중심으로 분류함.,가족식사,D,"소몽 전북대점은(는) 전북대·덕진공원권에 있는 한식 식당입니다. 대표 메뉴는 대표 한식 메뉴이고 가격은 9,000~16,000원(추정)이며 실제 메뉴판과 다를 수 있습니다. 주차는 없음입니다. 혼밥은 비추천, 2~4인은 추천, 가족식사는 추천, 단체 이용은 가능입니다. 온라인에서 신뢰할 만한 최신 상세 리뷰를 충분히 확인하지 못해 업종 특성 중심으로 분류함."
51,성게향,"해물,생선요리",전북특별자치도 전주시 덕진구 덕진동1가 1404-39,덕진구,덕진동1가,전북대·덕진공원권,성게·해산물 요리,32000,없음,비추천,추천,추천,가능,온라인에서 신뢰할 만한 최신 상세 리뷰를 충분히 확인하지 못해 업종 특성 중심으로 분류함.,가족식사,D,"성게향은(는) 전북대·덕진공원권에 있는 해물,생선요리 식당입니다. 대표 메뉴는 성게·해산물 요리이고 가격은 20,000~45,000원(추정)이며 실제 메뉴판과 다를 수 있습니다. 주차는 없음입니다. 혼밥은 비추천, 2~4인은 추천, 가족식사는 추천, 단체 이용은 가능입니다. 온라인에서 신뢰할 만한 최신 상세 리뷰를 충분히 확인하지 못해 업종 특성 중심으로 분류함."
52,코요,요리주점,전북특별자치도 전주시 덕진구 덕진동1가 1263-5 1층,덕진구,덕진동1가,전북대·덕진공원권,대표 요리주점 안주,22000,없음,비추천,추천,비추천,가능,온라인에서 신뢰할 만한 최신 상세 리뷰를 충분히 확인하지 못해 업종 특성 중심으로 분류함.,술자리,D,"코요은(는) 전북대·덕진공원권에 있는 요리주점 식당입니다. 대표 메뉴는 대표 요리주점 안주이고 가격은 15,000~30,000원(추정)이며 실제 메뉴판과 다를 수 있습니다. 주차는 없음입니다. 혼밥은 비추천, 2~4인은 추천, 가족식사는 비추천, 단체 이용은 가능입니다. 온라인에서 신뢰할 만한 최신 상세 리뷰를 충분히 확인하지 못해 업종 특성 중심으로 분류함."
53,코지버거,햄버거,전북특별자치도 전주시 덕진구 덕진동1가 1263-9 1층,덕진구,덕진동1가,전북대·덕진공원권,수제버거,12000,전북대 인근 유료·공영,추천,추천,가능,비추천,수제버거와 감자튀김 후기가 있는 전북대 인근 매장으로 혼밥·2~4인 식사에 적합함.,혼밥,C,"코지버거은(는) 전북대·덕진공원권에 있는 햄버거 식당입니다. 대표 메뉴는 수제버거이고 가격은 9,000~15,000원(추정)이며 실제 메뉴판과 다를 수 있습니다. 주차는 전북대 인근 유료·공영입니다. 혼밥은 추천, 2~4인은 추천, 가족식사는 가능, 단체 이용은 비추천입니다. 수제버거와 감자튀김 후기가 있는 전북대 인근 매장으로 혼밥·2~4인 식사에 적합함."
54,종종,요리주점,전북특별자치도 전주시 덕진구 덕진동1가 1264-7 1층 종종,덕진구,덕진동1가,전북대·덕진공원권,한식 주점 안주,22000,전북대 체육관·경기장 유료주차,비추천,추천,비추천,가능,데이트와 모임에 이용되는 한식 주점이다. 전용주차보다는 전북대 체육관·경기장 유료주차 이용 후기가 있음.,주차대안|술자리,B,"종종은(는) 전북대·덕진공원권에 있는 요리주점 식당입니다. 대표 메뉴는 한식 주점 안주이고 가격은 15,000~30,000원(추정)이며 실제 메뉴판과 다를 수 있습니다. 주차는 전북대 체육관·경기장 유료주차입니다. 혼밥은 비추천, 2~4인은 추천, 가족식사는 비추천, 단체 이용은 가능입니다. 데이트와 모임에 이용되는 한식 주점이다. 전용주차보다는 전북대 체육관·경기장 유료주차 이용 후기가 있음."
55,정원 김밥,종합분식,전북특별자치도 전주시 덕진구 금암동 1312-50,덕진구,금암동,전북대·금암동권,김밥,5000,없음,추천,추천,가능,제한적,온라인에서 신뢰할 만한 최신 상세 리뷰를 충분히 확인하지 못해 업종 특성 중심으로 분류함.,혼밥,D,"정원 김밥은(는) 전북대·금암동권에 있는 종합분식 식당입니다. 대표 메뉴는 김밥이고 가격은 3,500~6,000원(추정)이며 실제 메뉴판과 다를 수 있습니다. 주차는 없음입니다. 혼밥은 추천, 2~4인은 추천, 가족식사는 가능, 단체 이용은 제한적입니다. 온라인에서 신뢰할 만한 최신 상세 리뷰를 충분히 확인하지 못해 업종 특성 중심으로 분류함."
56,송가네춘천닭갈비,한식,전북특별자치도 전주시 덕진구 덕진동1가 1264-17 송가네춘천닭갈비,덕진구,덕진동1가,전북대·덕진공원권,춘천닭갈비(1인),8000,전북대 인근 유료·공영,비추천,추천,추천,가능,닭갈비와 볶음밥을 먹는 전형적인 모임형 식당으로 가족·단체 이용에 적합하나 가격은 오래된 자료라 재확인 필요.,가족식사,C,"송가네춘천닭갈비은(는) 전북대·덕진공원권에 있는 한식 식당입니다. 대표 메뉴는 춘천닭갈비(1인)이고 가격은 8,000원(2021 확인가). 주차는 전북대 인근 유료·공영입니다. 혼밥은 비추천, 2~4인은 추천, 가족식사는 추천, 단체 이용은 가능입니다. 닭갈비와 볶음밥을 먹는 전형적인 모임형 식당으로 가족·단체 이용에 적합하나 가격은 오래된 자료라 재확인 필요."
57,계도리,한식,전북특별자치도 전주시 덕진구 덕진동1가 1314-185 1층 계도리,덕진구,덕진동1가,전북대·덕진공원권,닭도리탕,36000,없음,비추천,추천,추천,가능,온라인에서 신뢰할 만한 최신 상세 리뷰를 충분히 확인하지 못해 업종 특성 중심으로 분류함.,가족식사,D,"계도리은(는) 전북대·덕진공원권에 있는 한식 식당입니다. 대표 메뉴는 닭도리탕이고 가격은 28,000~45,000원(추정)이며 실제 메뉴판과 다를 수 있습니다. 주차는 없음입니다. 혼밥은 비추천, 2~4인은 추천, 가족식사는 추천, 단체 이용은 가능입니다. 온라인에서 신뢰할 만한 최신 상세 리뷰를 충분히 확인하지 못해 업종 특성 중심으로 분류함."
58,7월의밤,이자카야,전북특별자치도 전주시 덕진구 덕진동1가 1264-13 102호,덕진구,덕진동1가,전북대·덕진공원권,대표 이자카야 안주,22000,없음,비추천,추천,비추천,가능,온라인에서 신뢰할 만한 최신 상세 리뷰를 충분히 확인하지 못해 업종 특성 중심으로 분류함.,술자리,D,"7월의밤은(는) 전북대·덕진공원권에 있는 이자카야 식당입니다. 대표 메뉴는 대표 이자카야 안주이고 가격은 15,000~30,000원(추정)이며 실제 메뉴판과 다를 수 있습니다. 주차는 없음입니다. 혼밥은 비추천, 2~4인은 추천, 가족식사는 비추천, 단체 이용은 가능입니다. 온라인에서 신뢰할 만한 최신 상세 리뷰를 충분히 확인하지 못해 업종 특성 중심으로 분류함."
59,고수닭갈비 전북대점,닭갈비,전북특별자치도 전주시 덕진구 덕진동1가 1314-179,덕진구,덕진동1가,전북대·덕진공원권,닭갈비,15000,전북대 인근 유료·공영,비추천,추천,추천,가능,오래 운영된 전북대 닭갈비점으로 치즈·면 사리와 함께 먹는 후기가 많다. 모임형 식사에 적합함.,가족식사,C,"고수닭갈비 전북대점은(는) 전북대·덕진공원권에 있는 닭갈비 식당입니다. 대표 메뉴는 닭갈비이고 가격은 13,000~17,000원(추정)이며 실제 메뉴판과 다를 수 있습니다. 주차는 전북대 인근 유료·공영입니다. 혼밥은 비추천, 2~4인은 추천, 가족식사는 추천, 단체 이용은 가능입니다. 오래 운영된 전북대 닭갈비점으로 치즈·면 사리와 함께 먹는 후기가 많다. 모임형 식사에 적합함."
60,카츠호,돈가스,전북특별자치도 전주시 덕진구 금암동 1312-28 1층 104호,덕진구,금암동,전북대·금암동권,돈카츠,14000,없음,추천,추천,가능,제한적,온라인에서 신뢰할 만한 최신 상세 리뷰를 충분히 확인하지 못해 업종 특성 중심으로 분류함.,혼밥,D,"카츠호은(는) 전북대·금암동권에 있는 돈가스 식당입니다. 대표 메뉴는 돈카츠이고 가격은 11,000~17,000원(추정)이며 실제 메뉴판과 다를 수 있습니다. 주차는 없음입니다. 혼밥은 추천, 2~4인은 추천, 가족식사는 가능, 단체 이용은 제한적입니다. 온라인에서 신뢰할 만한 최신 상세 리뷰를 충분히 확인하지 못해 업종 특성 중심으로 분류함."
61,황제보쌈,"족발,보쌈",전북특별자치도 전주시 덕진구 덕진동1가 1264-10,덕진구,덕진동1가,전북대·덕진공원권,보쌈,39000,인근 공영·유료,비추천,추천,추천,가능,보쌈 전문점으로 2~4인·가족식사에 적합한 업종이며 전북대 상권 주차는 인근 유료·공영 이용이 필요함.,가족식사,C,"황제보쌈은(는) 전북대·덕진공원권에 있는 족발,보쌈 식당입니다. 대표 메뉴는 보쌈이고 가격은 30,000~48,000원(추정)이며 실제 메뉴판과 다를 수 있습니다. 주차는 인근 공영·유료입니다. 혼밥은 비추천, 2~4인은 추천, 가족식사는 추천, 단체 이용은 가능입니다. 보쌈 전문점으로 2~4인·가족식사에 적합한 업종이며 전북대 상권 주차는 인근 유료·공영 이용이 필요함."
62,서래갈매기 전북대점,돼지고기구이,전북특별자치도 전주시 덕진구 덕진동1가 1314-180,덕진구,덕진동1가,전북대·덕진공원권,갈매기살,18000,전용 없음·전북대 체육관 유료,비추천,추천,추천,추천,고기구이 모임에 적합하나 전용주차장이 없다는 후기가 반복된다. 전북대 체육관 유료주차 등을 활용.,가족식사|단체모임,B,"서래갈매기 전북대점은(는) 전북대·덕진공원권에 있는 돼지고기구이 식당입니다. 대표 메뉴는 갈매기살이고 가격은 14,000~22,000원(추정)이며 실제 메뉴판과 다를 수 있습니다. 주차는 전용 없음·전북대 체육관 유료입니다. 혼밥은 비추천, 2~4인은 추천, 가족식사는 추천, 단체 이용은 추천입니다. 고기구이 모임에 적합하나 전용주차장이 없다는 후기가 반복된다. 전북대 체육관 유료주차 등을 활용."
63,해브어굿테이블,한식,전북특별자치도 전주시 덕진구 덕진동1가 1264-11 2층,덕진구,덕진동1가,전북대·덕진공원권,고기전골,14000,전용 없음·골목,비추천,추천,가능,비추천,고기전골이 추천되며 2인 테이블 위주의 작은 매장이라 3인 이상은 대기가 길어질 수 있다.,,B,"해브어굿테이블은(는) 전북대·덕진공원권에 있는 한식 식당입니다. 대표 메뉴는 고기전골이고 가격은 10,000~17,000원(추정)이며 실제 메뉴판과 다를 수 있습니다. 주차는 전용 없음·골목입니다. 혼밥은 비추천, 2~4인은 추천, 가족식사는 가능, 단체 이용은 비추천입니다. 고기전골이 추천되며 2인 테이블 위주의 작은 매장이라 3인 이상은 대기가 길어질 수 있다."
64,파쿠야 전주점,이자카야,전북특별자치도 전주시 덕진구 덕진동1가 1265-19 1층 파쿠야,덕진구,덕진동1가,전북대·덕진공원권,대표 이자카야 안주,22000,없음,비추천,추천,비추천,가능,온라인에서 신뢰할 만한 최신 상세 리뷰를 충분히 확인하지 못해 업종 특성 중심으로 분류함.,술자리,D,"파쿠야 전주점은(는) 전북대·덕진공원권에 있는 이자카야 식당입니다. 대표 메뉴는 대표 이자카야 안주이고 가격은 15,000~30,000원(추정)이며 실제 메뉴판과 다를 수 있습니다. 주차는 없음입니다. 혼밥은 비추천, 2~4인은 추천, 가족식사는 비추천, 단체 이용은 가능입니다. 온라인에서 신뢰할 만한 최신 상세 리뷰를 충분히 확인하지 못해 업종 특성 중심으로 분류함."
65,연다라순대,"순대,순댓국",전북특별자치도 전주시 덕진구 금암동 707-13,덕진구,금암동,전북대·금암동권,순대국밥,9000,없음,추천,추천,가능,제한적,순대국밥 중심으로 혼밥과 간단한 식사에 적합하다. 주차·단체 좌석은 재확인 필요.,혼밥,B,"연다라순대은(는) 전북대·금암동권에 있는 순대,순댓국 식당입니다. 대표 메뉴는 순대국밥이고 가격은 9,000원. 주차는 없음입니다. 혼밥은 추천, 2~4인은 추천, 가족식사는 가능, 단체 이용은 제한적입니다. 순대국밥 중심으로 혼밥과 간단한 식사에 적합하다. 주차·단체 좌석은 재확인 필요."
66,멘야케이 금암본점,일본식라면,전북특별자치도 전주시 덕진구 금암동 757-1 멘야케이,덕진구,금암동,전북대·금암동권,신케이라멘,11000,전용 없음·주변 노상,추천,추천,제한적,비추천,바 좌석 중심 라멘집으로 혼밥에 적합하며 대기 후기가 있다. 전용주차장은 없어 주변 주차를 찾아야 함.,혼밥,A,"멘야케이 금암본점은(는) 전북대·금암동권에 있는 일본식라면 식당입니다. 대표 메뉴는 신케이라멘이고 가격은 약 11,000원. 주차는 전용 없음·주변 노상입니다. 혼밥은 추천, 2~4인은 추천, 가족식사는 제한적, 단체 이용은 비추천입니다. 바 좌석 중심 라멘집으로 혼밥에 적합하며 대기 후기가 있다. 전용주차장은 없어 주변 주차를 찾아야 함."
67,정다운집,한식,전북특별자치도 전주시 덕진구 금암동 756-10 1층 정다운집,덕진구,금암동,전북대·금암동권,불고기백반,7000,전용 없음·골목/공영,추천,추천,가능,제한적,불고기백반 단일형 식사로 가성비가 좋고 혼밥·점심에 적합하다. 전용주차장은 없다는 후기가 있음.,혼밥,B,"정다운집은(는) 전북대·금암동권에 있는 한식 식당입니다. 대표 메뉴는 불고기백반이고 가격은 7,000원. 주차는 전용 없음·골목/공영입니다. 혼밥은 추천, 2~4인은 추천, 가족식사는 가능, 단체 이용은 제한적입니다. 불고기백반 단일형 식사로 가성비가 좋고 혼밥·점심에 적합하다. 전용주차장은 없다는 후기가 있음."
68,백운면,국수,전북특별자치도 전주시 덕진구 금암동 757-9,덕진구,금암동,전북대·금암동권,냉밀면,9000,주변 주차 가능 후기,추천,추천,가능,제한적,냉밀면과 수제돈가스가 언급되는 면요리점으로 혼밥·가족 소규모 식사에 적합함.,혼밥|주차대안,C,"백운면은(는) 전북대·금암동권에 있는 국수 식당입니다. 대표 메뉴는 냉밀면이고 가격은 7,000~11,000원(추정)이며 실제 메뉴판과 다를 수 있습니다. 주차는 주변 주차 가능 후기입니다. 혼밥은 추천, 2~4인은 추천, 가족식사는 가능, 단체 이용은 제한적입니다. 냉밀면과 수제돈가스가 언급되는 면요리점으로 혼밥·가족 소규모 식사에 적합함."
69,진상이네집,포장마차,전북특별자치도 전주시 덕진구 진북동 772-27,덕진구,진북동,진북동권,한돈 목살 한판,30000,매장 앞 전용주차,비추천,추천,추천,가능,계절 안주와 목살 한판을 파는 포장마차형 식당으로 매장 앞 주차 후기가 있다. 가격은 과거 자료임.,가족식사|주차대안|술자리,C,"진상이네집은(는) 진북동권에 있는 포장마차 식당입니다. 대표 메뉴는 한돈 목살 한판이고 가격은 30,000원(2023 확인가). 주차는 매장 앞 전용주차입니다. 혼밥은 비추천, 2~4인은 추천, 가족식사는 추천, 단체 이용은 가능입니다. 계절 안주와 목살 한판을 파는 포장마차형 식당으로 매장 앞 주차 후기가 있다. 가격은 과거 자료임."
70,꽃님이네,한식,전북특별자치도 전주시 덕진구 금암동 706-8 1층 꽃님이네,덕진구,금암동,전북대·금암동권,대표 한식 메뉴,12000,없음,비추천,추천,추천,가능,온라인에서 신뢰할 만한 최신 상세 리뷰를 충분히 확인하지 못해 업종 특성 중심으로 분류함.,가족식사,D,"꽃님이네은(는) 전북대·금암동권에 있는 한식 식당입니다. 대표 메뉴는 대표 한식 메뉴이고 가격은 9,000~16,000원(추정)이며 실제 메뉴판과 다를 수 있습니다. 주차는 없음입니다. 혼밥은 비추천, 2~4인은 추천, 가족식사는 추천, 단체 이용은 가능입니다. 온라인에서 신뢰할 만한 최신 상세 리뷰를 충분히 확인하지 못해 업종 특성 중심으로 분류함."
71,금암동부대찌개 본점,"찌개,전골",전북특별자치도 전주시 덕진구 금암동 755-1,덕진구,금암동,전북대·금암동권,부대찌개,14000,인근 공영·골목,가능,추천,추천,가능,반찬과 계란말이·전 리필 후기가 있는 부대찌개 전문점으로 가족·소규모 모임에 적합함.,가족식사,C,"금암동부대찌개 본점은(는) 전북대·금암동권에 있는 찌개,전골 식당입니다. 대표 메뉴는 부대찌개이고 가격은 10,000~17,000원(추정)이며 실제 메뉴판과 다를 수 있습니다. 주차는 인근 공영·골목입니다. 혼밥은 가능, 2~4인은 추천, 가족식사는 추천, 단체 이용은 가능입니다. 반찬과 계란말이·전 리필 후기가 있는 부대찌개 전문점으로 가족·소규모 모임에 적합함."
72,남도주유소,"전통,민속주점",전북특별자치도 전주시 덕진구 금암동 761-8,덕진구,금암동,전북대·금암동권,전통주 안주,22000,없음,비추천,추천,비추천,가능,온라인에서 신뢰할 만한 최신 상세 리뷰를 충분히 확인하지 못해 업종 특성 중심으로 분류함.,술자리,D,"남도주유소은(는) 전북대·금암동권에 있는 전통,민속주점 식당입니다. 대표 메뉴는 전통주 안주이고 가격은 15,000~30,000원(추정)이며 실제 메뉴판과 다를 수 있습니다. 주차는 없음입니다. 혼밥은 비추천, 2~4인은 추천, 가족식사는 비추천, 단체 이용은 가능입니다. 온라인에서 신뢰할 만한 최신 상세 리뷰를 충분히 확인하지 못해 업종 특성 중심으로 분류함."
73,금암동태마을,한식,전북특별자치도 전주시 덕진구 금암동 761-2 1층 동태마을,덕진구,금암동,전북대·금암동권,동태탕,14000,없음,비추천,추천,추천,가능,온라인에서 신뢰할 만한 최신 상세 리뷰를 충분히 확인하지 못해 업종 특성 중심으로 분류함.,가족식사,D,"금암동태마을은(는) 전북대·금암동권에 있는 한식 식당입니다. 대표 메뉴는 동태탕이고 가격은 10,000~17,000원(추정)이며 실제 메뉴판과 다를 수 있습니다. 주차는 없음입니다. 혼밥은 비추천, 2~4인은 추천, 가족식사는 추천, 단체 이용은 가능입니다. 온라인에서 신뢰할 만한 최신 상세 리뷰를 충분히 확인하지 못해 업종 특성 중심으로 분류함."
74,금암면옥 본점,"칼국수,만두",전북특별자치도 전주시 덕진구 금암동 471-10,덕진구,금암동,전북대·금암동권,칼국수,9000,없음,추천,추천,가능,제한적,온라인에서 신뢰할 만한 최신 상세 리뷰를 충분히 확인하지 못해 업종 특성 중심으로 분류함.,혼밥,D,"금암면옥 본점은(는) 전북대·금암동권에 있는 칼국수,만두 식당입니다. 대표 메뉴는 칼국수이고 가격은 7,000~11,000원(추정)이며 실제 메뉴판과 다를 수 있습니다. 주차는 없음입니다. 혼밥은 추천, 2~4인은 추천, 가족식사는 가능, 단체 이용은 제한적입니다. 온라인에서 신뢰할 만한 최신 상세 리뷰를 충분히 확인하지 못해 업종 특성 중심으로 분류함."
75,새움,요리주점,전북특별자치도 전주시 덕진구 금암동 720-36 1층,덕진구,금암동,전북대·금암동권,대표 요리주점 안주,22000,없음,비추천,추천,비추천,가능,온라인에서 신뢰할 만한 최신 상세 리뷰를 충분히 확인하지 못해 업종 특성 중심으로 분류함.,술자리,D,"새움은(는) 전북대·금암동권에 있는 요리주점 식당입니다. 대표 메뉴는 대표 요리주점 안주이고 가격은 15,000~30,000원(추정)이며 실제 메뉴판과 다를 수 있습니다. 주차는 없음입니다. 혼밥은 비추천, 2~4인은 추천, 가족식사는 비추천, 단체 이용은 가능입니다. 온라인에서 신뢰할 만한 최신 상세 리뷰를 충분히 확인하지 못해 업종 특성 중심으로 분류함."
76,료카츠,돈가스,전북특별자치도 전주시 덕진구 금암동 720-32 1층 료카츠,덕진구,금암동,전북대·금암동권,로스카츠,12000,매장 앞 협소,추천,추천,가능,비추천,키오스크 주문과 바 좌석이 있어 혼밥에 적합하다. 밥·국·샐러드 리필 후기가 있으며 주차 공간은 좁다.,혼밥,A,"료카츠은(는) 전북대·금암동권에 있는 돈가스 식당입니다. 대표 메뉴는 로스카츠이고 가격은 1만원대. 주차는 매장 앞 협소입니다. 혼밥은 추천, 2~4인은 추천, 가족식사는 가능, 단체 이용은 비추천입니다. 키오스크 주문과 바 좌석이 있어 혼밥에 적합하다. 밥·국·샐러드 리필 후기가 있으며 주차 공간은 좁다."
77,금암피순대,"순대,순댓국",전북특별자치도 전주시 덕진구 금암동 729-3,덕진구,금암동,전북대·금암동권,피순대국밥,10000,없음,추천,추천,가능,제한적,온라인에서 신뢰할 만한 최신 상세 리뷰를 충분히 확인하지 못해 업종 특성 중심으로 분류함.,혼밥,D,"금암피순대은(는) 전북대·금암동권에 있는 순대,순댓국 식당입니다. 대표 메뉴는 피순대국밥이고 가격은 9,000~12,000원(추정)이며 실제 메뉴판과 다를 수 있습니다. 주차는 없음입니다. 혼밥은 추천, 2~4인은 추천, 가족식사는 가능, 단체 이용은 제한적입니다. 온라인에서 신뢰할 만한 최신 상세 리뷰를 충분히 확인하지 못해 업종 특성 중심으로 분류함."
78,금암소바,"우동,소바",전북특별자치도 전주시 덕진구 금암동 729-6 금암소바,덕진구,금암동,전북대·금암동권,냉소바,7000,매장 앞 약 4대,추천,추천,추천,제한적,냉소바·비빔소바가 대표이며 매장 앞 소규모 주차가 가능하다는 후기가 있다. 가격은 오래된 자료임.,혼밥|가족식사,C,"금암소바은(는) 전북대·금암동권에 있는 우동,소바 식당입니다. 대표 메뉴는 냉소바이고 가격은 7,000원(과거 확인가). 주차는 매장 앞 약 4대입니다. 혼밥은 추천, 2~4인은 추천, 가족식사는 추천, 단체 이용은 제한적입니다. 냉소바·비빔소바가 대표이며 매장 앞 소규모 주차가 가능하다는 후기가 있다. 가격은 오래된 자료임."
79,만추,포장마차,전북특별자치도 전주시 덕진구 금암동 1553-49 만추,덕진구,금암동,전북대·금암동권,국물닭볶음탕,36000,없음,비추천,추천,비추천,가능,온라인에서 신뢰할 만한 최신 상세 리뷰를 충분히 확인하지 못해 업종 특성 중심으로 분류함.,술자리,D,"만추은(는) 전북대·금암동권에 있는 포장마차 식당입니다. 대표 메뉴는 국물닭볶음탕이고 가격은 28,000~45,000원(추정)이며 실제 메뉴판과 다를 수 있습니다. 주차는 없음입니다. 혼밥은 비추천, 2~4인은 추천, 가족식사는 비추천, 단체 이용은 가능입니다. 온라인에서 신뢰할 만한 최신 상세 리뷰를 충분히 확인하지 못해 업종 특성 중심으로 분류함."
80,무진장 순두부,두부요리,전북특별자치도 전주시 덕진구 금암동 1587-7 1층무진장순두부,덕진구,금암동,전북대·금암동권,해물얼큰순두부,10000,매장 앞 약 4대+지하주차,추천,추천,추천,가능,순두부 단품과 왕갈비두부전골을 함께 운영해 혼밥부터 가족식사까지 대응 가능하다. 매장 앞·지하 주차 후기가 있음.,혼밥|가족식사|주차대안,A,"무진장 순두부은(는) 전북대·금암동권에 있는 두부요리 식당입니다. 대표 메뉴는 해물얼큰순두부이고 가격은 10,000원. 주차는 매장 앞 약 4대+지하주차입니다. 혼밥은 추천, 2~4인은 추천, 가족식사는 추천, 단체 이용은 가능입니다. 순두부 단품과 왕갈비두부전골을 함께 운영해 혼밥부터 가족식사까지 대응 가능하다. 매장 앞·지하 주차 후기가 있음."
81,솔뫼마을 전주본점,한식,전북특별자치도 전주시 덕진구 금암동 1587-102,덕진구,금암동,전북대·금암동권,대표 한식 정식,16000,없음,비추천,추천,추천,가능,온라인에서 신뢰할 만한 최신 상세 리뷰를 충분히 확인하지 못해 업종 특성 중심으로 분류함.,가족식사,D,"솔뫼마을 전주본점은(는) 전북대·금암동권에 있는 한식 식당입니다. 대표 메뉴는 대표 한식 정식이고 가격은 12,000~20,000원(추정)이며 실제 메뉴판과 다를 수 있습니다. 주차는 없음입니다. 혼밥은 비추천, 2~4인은 추천, 가족식사는 추천, 단체 이용은 가능입니다. 온라인에서 신뢰할 만한 최신 상세 리뷰를 충분히 확인하지 못해 업종 특성 중심으로 분류함."
82,덕호수산 금암점,생선회,전북특별자치도 전주시 덕진구 금암동 1591-24,덕진구,금암동,전북대·금암동권,대방어 모둠회 대,55000,골목 주차,비추천,추천,가능,가능,대방어와 황제탕이 언급되는 횟집으로 2~4인·모임에 적합하다. 골목 주차 후기가 있어 주차는 불편할 수 있음.,주차대안,C,"덕호수산 금암점은(는) 전북대·금암동권에 있는 생선회 식당입니다. 대표 메뉴는 대방어 모둠회 대이고 가격은 55,000원(2024 확인가). 주차는 골목 주차입니다. 혼밥은 비추천, 2~4인은 추천, 가족식사는 가능, 단체 이용은 가능입니다. 대방어와 황제탕이 언급되는 횟집으로 2~4인·모임에 적합하다. 골목 주차 후기가 있어 주차는 불편할 수 있음."
83,이연국수,국수,전북특별자치도 전주시 덕진구 인후동2가 1529-19,덕진구,인후동2가,전주역·아중리권,잔치국수,5000,전용주차 5~10대 후기,추천,추천,추천,가능,저렴한 국수집으로 혼밥과 가족식사 모두 편하며 주차와 비교적 넓은 홀 후기가 확인됨.,혼밥|가족식사|주차대안,A,"이연국수은(는) 전주역·아중리권에 있는 국수 식당입니다. 대표 메뉴는 잔치국수이고 가격은 5,000원. 주차는 전용주차 5~10대 후기입니다. 혼밥은 추천, 2~4인은 추천, 가족식사는 추천, 단체 이용은 가능입니다. 저렴한 국수집으로 혼밥과 가족식사 모두 편하며 주차와 비교적 넓은 홀 후기가 확인됨."
84,덴조,요리주점,전북특별자치도 전주시 덕진구 덕진동1가 1314-182 1층,덕진구,덕진동1가,전북대·덕진공원권,대표 요리주점 안주,22000,없음,비추천,추천,비추천,가능,온라인에서 신뢰할 만한 최신 상세 리뷰를 충분히 확인하지 못해 업종 특성 중심으로 분류함.,술자리,D,"덴조은(는) 전북대·덕진공원권에 있는 요리주점 식당입니다. 대표 메뉴는 대표 요리주점 안주이고 가격은 15,000~30,000원(추정)이며 실제 메뉴판과 다를 수 있습니다. 주차는 없음입니다. 혼밥은 비추천, 2~4인은 추천, 가족식사는 비추천, 단체 이용은 가능입니다. 온라인에서 신뢰할 만한 최신 상세 리뷰를 충분히 확인하지 못해 업종 특성 중심으로 분류함."
85,너를기다리는동안,"맥주,호프",전북특별자치도 전주시 덕진구 금암동 1312-50 1층 3호 너를기다리는동안,덕진구,금암동,전북대·금암동권,피자,21000,없음,비추천,추천,비추천,가능,온라인에서 신뢰할 만한 최신 상세 리뷰를 충분히 확인하지 못해 업종 특성 중심으로 분류함.,술자리,D,"너를기다리는동안은(는) 전북대·금암동권에 있는 맥주,호프 식당입니다. 대표 메뉴는 피자이고 가격은 16,000~26,000원(추정)이며 실제 메뉴판과 다를 수 있습니다. 주차는 없음입니다. 혼밥은 비추천, 2~4인은 추천, 가족식사는 비추천, 단체 이용은 가능입니다. 온라인에서 신뢰할 만한 최신 상세 리뷰를 충분히 확인하지 못해 업종 특성 중심으로 분류함."
86,고기듬뿍 국물두루치기 본점,한식,전북특별자치도 전주시 덕진구 덕진동1가 1314-174 1층 고기듬뿍국물두루치기 본점,덕진구,덕진동1가,전북대·덕진공원권,국물두루치기,14000,없음,비추천,추천,추천,가능,온라인에서 신뢰할 만한 최신 상세 리뷰를 충분히 확인하지 못해 업종 특성 중심으로 분류함.,가족식사,D,"고기듬뿍 국물두루치기 본점은(는) 전북대·덕진공원권에 있는 한식 식당입니다. 대표 메뉴는 국물두루치기이고 가격은 10,000~17,000원(추정)이며 실제 메뉴판과 다를 수 있습니다. 주차는 없음입니다. 혼밥은 비추천, 2~4인은 추천, 가족식사는 추천, 단체 이용은 가능입니다. 온라인에서 신뢰할 만한 최신 상세 리뷰를 충분히 확인하지 못해 업종 특성 중심으로 분류함."
87,유수나,요리주점,전북특별자치도 전주시 덕진구 덕진동1가 1261-34 1층 유수나(YUSUNA),덕진구,덕진동1가,전북대·덕진공원권,골뱅이오이무침,22000,전북대 인근 유료·공영,비추천,추천,비추천,가능,골뱅이오이무침과 프렌치토스트 아이스크림이 추천되는 한식 주점으로 데이트·친구 술자리에 적합함.,술자리,B,"유수나은(는) 전북대·덕진공원권에 있는 요리주점 식당입니다. 대표 메뉴는 골뱅이오이무침이고 가격은 15,000~30,000원(추정)이며 실제 메뉴판과 다를 수 있습니다. 주차는 전북대 인근 유료·공영입니다. 혼밥은 비추천, 2~4인은 추천, 가족식사는 비추천, 단체 이용은 가능입니다. 골뱅이오이무침과 프렌치토스트 아이스크림이 추천되는 한식 주점으로 데이트·친구 술자리에 적합함."
88,육연식당,"육류,고기요리",전북특별자치도 전주시 덕진구 덕진동1가 1261-34 1층,덕진구,덕진동1가,전북대·덕진공원권,고기구이,18000,없음,비추천,추천,추천,가능,온라인에서 신뢰할 만한 최신 상세 리뷰를 충분히 확인하지 못해 업종 특성 중심으로 분류함.,가족식사,D,"육연식당은(는) 전북대·덕진공원권에 있는 육류,고기요리 식당입니다. 대표 메뉴는 고기구이이고 가격은 14,000~22,000원(추정)이며 실제 메뉴판과 다를 수 있습니다. 주차는 없음입니다. 혼밥은 비추천, 2~4인은 추천, 가족식사는 추천, 단체 이용은 가능입니다. 온라인에서 신뢰할 만한 최신 상세 리뷰를 충분히 확인하지 못해 업종 특성 중심으로 분류함."
89,50end pizza,피자,전북특별자치도 전주시 덕진구 덕진동1가 1262-2 50end 피자 (코원빌딩 건물 입구 오른쪽 검정문),덕진구,덕진동1가,전북대·덕진공원권,대표 피자,21000,없음,가능,추천,가능,미확인,온라인에서 신뢰할 만한 최신 상세 리뷰를 충분히 확인하지 못해 업종 특성 중심으로 분류함.,,D,"50end pizza은(는) 전북대·덕진공원권에 있는 피자 식당입니다. 대표 메뉴는 대표 피자이고 가격은 16,000~26,000원(추정)이며 실제 메뉴판과 다를 수 있습니다. 주차는 없음입니다. 혼밥은 가능, 2~4인은 추천, 가족식사는 가능, 단체 이용은 미확인입니다. 온라인에서 신뢰할 만한 최신 상세 리뷰를 충분히 확인하지 못해 업종 특성 중심으로 분류함."
90,주한장,요리주점,전북특별자치도 전주시 덕진구 덕진동1가 1262-6 1층 주한장,덕진구,덕진동1가,전북대·덕진공원권,대표 요리주점 안주,22000,없음,비추천,추천,비추천,가능,온라인에서 신뢰할 만한 최신 상세 리뷰를 충분히 확인하지 못해 업종 특성 중심으로 분류함.,술자리,D,"주한장은(는) 전북대·덕진공원권에 있는 요리주점 식당입니다. 대표 메뉴는 대표 요리주점 안주이고 가격은 15,000~30,000원(추정)이며 실제 메뉴판과 다를 수 있습니다. 주차는 없음입니다. 혼밥은 비추천, 2~4인은 추천, 가족식사는 비추천, 단체 이용은 가능입니다. 온라인에서 신뢰할 만한 최신 상세 리뷰를 충분히 확인하지 못해 업종 특성 중심으로 분류함."
91,고씨네 전북대점,카레,전북특별자치도 전주시 덕진구 덕진동1가 1261-4 고씨네 전북대점,덕진구,덕진동1가,전북대·덕진공원권,치즈 스페셜 세트,13500,매장 앞 일부 가능 후기,추천,추천,가능,제한적,카레 단품·세트 중심으로 혼밥과 학생 식사에 적합하며 매장 앞 주차 가능 후기가 있으나 공간은 제한적일 수 있음.,혼밥,B,"고씨네 전북대점은(는) 전북대·덕진공원권에 있는 카레 식당입니다. 대표 메뉴는 치즈 스페셜 세트이고 가격은 13,500원. 주차는 매장 앞 일부 가능 후기입니다. 혼밥은 추천, 2~4인은 추천, 가족식사는 가능, 단체 이용은 제한적입니다. 카레 단품·세트 중심으로 혼밥과 학생 식사에 적합하며 매장 앞 주차 가능 후기가 있으나 공간은 제한적일 수 있음."
92,미미마라 전북대본점,중식당,전북특별자치도 전주시 덕진구 덕진동1가 1312-59 미미마라 전북대본점,덕진구,덕진동1가,전북대·덕진공원권,마라탕,13000,없음,추천,추천,가능,제한적,온라인에서 신뢰할 만한 최신 상세 리뷰를 충분히 확인하지 못해 업종 특성 중심으로 분류함.,혼밥,D,"미미마라 전북대본점은(는) 전북대·덕진공원권에 있는 중식당 식당입니다. 대표 메뉴는 마라탕이고 가격은 10,000~16,000원(추정)이며 실제 메뉴판과 다를 수 있습니다. 주차는 없음입니다. 혼밥은 추천, 2~4인은 추천, 가족식사는 가능, 단체 이용은 제한적입니다. 온라인에서 신뢰할 만한 최신 상세 리뷰를 충분히 확인하지 못해 업종 특성 중심으로 분류함."
93,이너프샐러드 전북대 본점,"다이어트,샐러드",전북특별자치도 전주시 덕진구 덕진동1가 1314-168,덕진구,덕진동1가,전북대·덕진공원권,대표 샐러드,12000,전용 없음·노상,추천,추천,가능,비추천,샐러드·가벼운 식사에 적합한 매장으로 혼밥에 유리하다. 전용주차장이 없다는 후기가 있음.,혼밥,B,"이너프샐러드 전북대 본점은(는) 전북대·덕진공원권에 있는 다이어트,샐러드 식당입니다. 대표 메뉴는 대표 샐러드이고 가격은 9,000~14,000원(추정)이며 실제 메뉴판과 다를 수 있습니다. 주차는 전용 없음·노상입니다. 혼밥은 추천, 2~4인은 추천, 가족식사는 가능, 단체 이용은 비추천입니다. 샐러드·가벼운 식사에 적합한 매장으로 혼밥에 유리하다. 전용주차장이 없다는 후기가 있음."
94,길손네학사주점,"전통,민속주점",전북특별자치도 전주시 덕진구 덕진동1가 664-25,덕진구,덕진동1가,전북대·덕진공원권,닭도리탕 한 마리,28000,전북대 인근 유료·공영,비추천,추천,제한적,추천,닭도리탕 중심의 전통 학사주점으로 여러 명이 나눠 먹는 모임에 적합하다. 가격은 과거 자료임.,단체모임|술자리,C,"길손네학사주점은(는) 전북대·덕진공원권에 있는 전통,민속주점 식당입니다. 대표 메뉴는 닭도리탕 한 마리이고 가격은 28,000원(2023 확인가). 주차는 전북대 인근 유료·공영입니다. 혼밥은 비추천, 2~4인은 추천, 가족식사는 제한적, 단체 이용은 추천입니다. 닭도리탕 중심의 전통 학사주점으로 여러 명이 나눠 먹는 모임에 적합하다. 가격은 과거 자료임."
95,프프프ver.2,아시아음식,전북특별자치도 전주시 덕진구 덕진동1가 1312-58 1층 102호,덕진구,덕진동1가,전북대·덕진공원권,아시아 퓨전 요리,18000,없음,가능,추천,가능,미확인,온라인에서 신뢰할 만한 최신 상세 리뷰를 충분히 확인하지 못해 업종 특성 중심으로 분류함.,,D,"프프프ver.2은(는) 전북대·덕진공원권에 있는 아시아음식 식당입니다. 대표 메뉴는 아시아 퓨전 요리이고 가격은 13,000~22,000원(추정)이며 실제 메뉴판과 다를 수 있습니다. 주차는 없음입니다. 혼밥은 가능, 2~4인은 추천, 가족식사는 가능, 단체 이용은 미확인입니다. 온라인에서 신뢰할 만한 최신 상세 리뷰를 충분히 확인하지 못해 업종 특성 중심으로 분류함."
96,새벽식탁,요리주점,전북특별자치도 전주시 덕진구 덕진동1가 1312-58 지하 1층 새벽식탁,덕진구,덕진동1가,전북대·덕진공원권,대표 요리주점 안주,22000,없음,비추천,추천,비추천,가능,온라인에서 신뢰할 만한 최신 상세 리뷰를 충분히 확인하지 못해 업종 특성 중심으로 분류함.,술자리,D,"새벽식탁은(는) 전북대·덕진공원권에 있는 요리주점 식당입니다. 대표 메뉴는 대표 요리주점 안주이고 가격은 15,000~30,000원(추정)이며 실제 메뉴판과 다를 수 있습니다. 주차는 없음입니다. 혼밥은 비추천, 2~4인은 추천, 가족식사는 비추천, 단체 이용은 가능입니다. 온라인에서 신뢰할 만한 최신 상세 리뷰를 충분히 확인하지 못해 업종 특성 중심으로 분류함."
97,김치찌개잘하는집,한식,전북특별자치도 전주시 덕진구 덕진동1가 1314-161 2층,덕진구,덕진동1가,전북대·덕진공원권,김치찌개 2인,16000,없음,가능,추천,가능,가능,김치찌개 2인 메뉴와 셀프 계란 후기가 있어 2~4인 가성비 식사에 적합하다.,,B,"김치찌개잘하는집은(는) 전북대·덕진공원권에 있는 한식 식당입니다. 대표 메뉴는 김치찌개 2인이고 가격은 16,000원. 주차는 없음입니다. 혼밥은 가능, 2~4인은 추천, 가족식사는 가능, 단체 이용은 가능입니다. 김치찌개 2인 메뉴와 셀프 계란 후기가 있어 2~4인 가성비 식사에 적합하다."
98,주모,한식,전북특별자치도 전주시 덕진구 덕진동1가 1262-1 1층,덕진구,덕진동1가,전북대·덕진공원권,대표 한식 안주,13000,없음,비추천,추천,추천,가능,온라인에서 신뢰할 만한 최신 상세 리뷰를 충분히 확인하지 못해 업종 특성 중심으로 분류함.,가족식사,D,"주모은(는) 전북대·덕진공원권에 있는 한식 식당입니다. 대표 메뉴는 대표 한식 안주이고 가격은 9,000~17,000원(추정)이며 실제 메뉴판과 다를 수 있습니다. 주차는 없음입니다. 혼밥은 비추천, 2~4인은 추천, 가족식사는 추천, 단체 이용은 가능입니다. 온라인에서 신뢰할 만한 최신 상세 리뷰를 충분히 확인하지 못해 업종 특성 중심으로 분류함."
99,구구양꼬치,양꼬치,전북특별자치도 전주시 덕진구 덕진동1가 1261-2 2층,덕진구,덕진동1가,전북대·덕진공원권,양꼬치,17000,없음,비추천,추천,추천,가능,온라인에서 신뢰할 만한 최신 상세 리뷰를 충분히 확인하지 못해 업종 특성 중심으로 분류함.,가족식사,D,"구구양꼬치은(는) 전북대·덕진공원권에 있는 양꼬치 식당입니다. 대표 메뉴는 양꼬치이고 가격은 14,000~20,000원(추정)이며 실제 메뉴판과 다를 수 있습니다. 주차는 없음입니다. 혼밥은 비추천, 2~4인은 추천, 가족식사는 추천, 단체 이용은 가능입니다. 온라인에서 신뢰할 만한 최신 상세 리뷰를 충분히 확인하지 못해 업종 특성 중심으로 분류함."
100,순정닭발 전북대점,닭발,전북특별자치도 전주시 덕진구 덕진동1가 1314-157,덕진구,덕진동1가,전북대·덕진공원권,국물닭발,23000,없음,비추천,추천,비추천,가능,온라인에서 신뢰할 만한 최신 상세 리뷰를 충분히 확인하지 못해 업종 특성 중심으로 분류함.,술자리,D,"순정닭발 전북대점은(는) 전북대·덕진공원권에 있는 닭발 식당입니다. 대표 메뉴는 국물닭발이고 가격은 18,000~28,000원(추정)이며 실제 메뉴판과 다를 수 있습니다. 주차는 없음입니다. 혼밥은 비추천, 2~4인은 추천, 가족식사는 비추천, 단체 이용은 가능입니다. 온라인에서 신뢰할 만한 최신 상세 리뷰를 충분히 확인하지 못해 업종 특성 중심으로 분류함."
101,해이루 전북대본점,감자탕,전북특별자치도 전주시 덕진구 덕진동1가 1277-14 해이루,덕진구,덕진동1가,전북대·덕진공원권,감자탕,38000,없음,비추천,추천,추천,가능,온라인에서 신뢰할 만한 최신 상세 리뷰를 충분히 확인하지 못해 업종 특성 중심으로 분류함.,가족식사,D,"해이루 전북대본점은(는) 전북대·덕진공원권에 있는 감자탕 식당입니다. 대표 메뉴는 감자탕이고 가격은 30,000~45,000원(추정)이며 실제 메뉴판과 다를 수 있습니다. 주차는 없음입니다. 혼밥은 비추천, 2~4인은 추천, 가족식사는 추천, 단체 이용은 가능입니다. 온라인에서 신뢰할 만한 최신 상세 리뷰를 충분히 확인하지 못해 업종 특성 중심으로 분류함."
102,민속광장,술집,전북특별자치도 전주시 덕진구 덕진동1가 1276-1,덕진구,덕진동1가,전북대·덕진공원권,생갈비,16000,매장 주변·지원 가능 후기,비추천,추천,추천,추천,생갈비·삼겹살 중심의 고깃집으로 가족·단체 식사에 적합하며 주차 지원 또는 주변 주차 후기가 있다.,가족식사|단체모임|술자리,B,"민속광장은(는) 전북대·덕진공원권에 있는 술집 식당입니다. 대표 메뉴는 생갈비이고 가격은 16,000원. 주차는 매장 주변·지원 가능 후기입니다. 혼밥은 비추천, 2~4인은 추천, 가족식사는 추천, 단체 이용은 추천입니다. 생갈비·삼겹살 중심의 고깃집으로 가족·단체 식사에 적합하며 주차 지원 또는 주변 주차 후기가 있다."
103,주인테이블 전북대본점,한식,전북특별자치도 전주시 덕진구 덕진동1가 1312-68 1층 주인테이블,덕진구,덕진동1가,전북대·덕진공원권,대표 한식 메뉴,12000,없음,비추천,추천,추천,가능,온라인에서 신뢰할 만한 최신 상세 리뷰를 충분히 확인하지 못해 업종 특성 중심으로 분류함.,가족식사,D,"주인테이블 전북대본점은(는) 전북대·덕진공원권에 있는 한식 식당입니다. 대표 메뉴는 대표 한식 메뉴이고 가격은 9,000~16,000원(추정)이며 실제 메뉴판과 다를 수 있습니다. 주차는 없음입니다. 혼밥은 비추천, 2~4인은 추천, 가족식사는 추천, 단체 이용은 가능입니다. 온라인에서 신뢰할 만한 최신 상세 리뷰를 충분히 확인하지 못해 업종 특성 중심으로 분류함."
104,동네불막창&닭발 본점,한식,전북특별자치도 전주시 덕진구 덕진동1가 1277-1 1층,덕진구,덕진동1가,전북대·덕진공원권,국물닭발,23000,전용 없음,비추천,추천,비추천,가능,맵기 조절 가능한 국물닭발과 막창이 중심이며 술자리 방문에 적합하다. 주차가 없고 붐비는 후기가 있음.,,B,"동네불막창&닭발 본점은(는) 전북대·덕진공원권에 있는 한식 식당입니다. 대표 메뉴는 국물닭발이고 가격은 18,000~28,000원(추정)이며 실제 메뉴판과 다를 수 있습니다. 주차는 전용 없음입니다. 혼밥은 비추천, 2~4인은 추천, 가족식사는 비추천, 단체 이용은 가능입니다. 맵기 조절 가능한 국물닭발과 막창이 중심이며 술자리 방문에 적합하다. 주차가 없고 붐비는 후기가 있음."
105,광장포차타운,한식,전북특별자치도 전주시 덕진구 덕진동1가 1314-200 2층,덕진구,덕진동1가,전북대·덕진공원권,포차 안주,22000,없음,비추천,추천,추천,가능,온라인에서 신뢰할 만한 최신 상세 리뷰를 충분히 확인하지 못해 업종 특성 중심으로 분류함.,가족식사,D,"광장포차타운은(는) 전북대·덕진공원권에 있는 한식 식당입니다. 대표 메뉴는 포차 안주이고 가격은 15,000~30,000원(추정)이며 실제 메뉴판과 다를 수 있습니다. 주차는 없음입니다. 혼밥은 비추천, 2~4인은 추천, 가족식사는 추천, 단체 이용은 가능입니다. 온라인에서 신뢰할 만한 최신 상세 리뷰를 충분히 확인하지 못해 업종 특성 중심으로 분류함."
106,어반핑거,샌드위치,전북특별자치도 전주시 덕진구 덕진동1가 664-1 102호,덕진구,덕진동1가,전북대·덕진공원권,대표 샌드위치,10000,없음,추천,추천,가능,제한적,온라인에서 신뢰할 만한 최신 상세 리뷰를 충분히 확인하지 못해 업종 특성 중심으로 분류함.,혼밥,D,"어반핑거은(는) 전북대·덕진공원권에 있는 샌드위치 식당입니다. 대표 메뉴는 대표 샌드위치이고 가격은 7,000~12,000원(추정)이며 실제 메뉴판과 다를 수 있습니다. 주차는 없음입니다. 혼밥은 추천, 2~4인은 추천, 가족식사는 가능, 단체 이용은 제한적입니다. 온라인에서 신뢰할 만한 최신 상세 리뷰를 충분히 확인하지 못해 업종 특성 중심으로 분류함."
107,연어회상,일식당,전북특별자치도 전주시 덕진구 금암동 1543-8,덕진구,금암동,전북대·금암동권,연어회,35000,없음,추천,추천,가능,제한적,온라인에서 신뢰할 만한 최신 상세 리뷰를 충분히 확인하지 못해 업종 특성 중심으로 분류함.,혼밥,D,"연어회상은(는) 전북대·금암동권에 있는 일식당 식당입니다. 대표 메뉴는 연어회이고 가격은 25,000~45,000원(추정)이며 실제 메뉴판과 다를 수 있습니다. 주차는 없음입니다. 혼밥은 추천, 2~4인은 추천, 가족식사는 가능, 단체 이용은 제한적입니다. 온라인에서 신뢰할 만한 최신 상세 리뷰를 충분히 확인하지 못해 업종 특성 중심으로 분류함."
108,공룡코딱지가맥,"맥주,호프",전북특별자치도 전주시 덕진구 금암동 1590-22,덕진구,금암동,전북대·금암동권,가맥 안주,22000,없음,비추천,추천,비추천,가능,온라인에서 신뢰할 만한 최신 상세 리뷰를 충분히 확인하지 못해 업종 특성 중심으로 분류함.,술자리,D,"공룡코딱지가맥은(는) 전북대·금암동권에 있는 맥주,호프 식당입니다. 대표 메뉴는 가맥 안주이고 가격은 15,000~30,000원(추정)이며 실제 메뉴판과 다를 수 있습니다. 주차는 없음입니다. 혼밥은 비추천, 2~4인은 추천, 가족식사는 비추천, 단체 이용은 가능입니다. 온라인에서 신뢰할 만한 최신 상세 리뷰를 충분히 확인하지 못해 업종 특성 중심으로 분류함."
109,곰곰김밥,종합분식,전북특별자치도 전주시 덕진구 금암동 105-395 1층 곰곰김밥,덕진구,금암동,전북대·금암동권,곰곰김밥,4000,전용 없음,추천,가능,가능,비추천,김밥·돈가스·제육덮밥 등 분식 메뉴가 있고 매장이 작다. 전용주차장이 없어 전북대병원 주차 등 대안이 필요함.,혼밥,A,"곰곰김밥은(는) 전북대·금암동권에 있는 종합분식 식당입니다. 대표 메뉴는 곰곰김밥이고 가격은 4,000원. 주차는 전용 없음입니다. 혼밥은 추천, 2~4인은 가능, 가족식사는 가능, 단체 이용은 비추천입니다. 김밥·돈가스·제육덮밥 등 분식 메뉴가 있고 매장이 작다. 전용주차장이 없어 전북대병원 주차 등 대안이 필요함."
110,조기종의향미각 전주점,중식당,전북특별자치도 전주시 덕진구 금암동 1596-7,덕진구,금암동,전북대·금암동권,알꼬막짬뽕,10000,없음,추천,추천,추천,가능,알꼬막짬뽕이 브랜드 대표메뉴이며 중식 특성상 혼밥·가족식사에 모두 적합하다. 전주점 가격·주차는 최종 확인 필요.,혼밥|가족식사,C,"조기종의향미각 전주점은(는) 전북대·금암동권에 있는 중식당 식당입니다. 대표 메뉴는 알꼬막짬뽕이고 가격은 8,000~13,000원(추정)이며 실제 메뉴판과 다를 수 있습니다. 주차는 없음입니다. 혼밥은 추천, 2~4인은 추천, 가족식사는 추천, 단체 이용은 가능입니다. 알꼬막짬뽕이 브랜드 대표메뉴이며 중식 특성상 혼밥·가족식사에 모두 적합하다. 전주점 가격·주차는 최종 확인 필요."
111,백김치새싹막회 우아본점,생선회,전북특별자치도 전주시 덕진구 우아동3가 748-9 1층 백김치새싹막회 우아본점,덕진구,우아동3가,전주역·아중리권,새싹막회 소,47000,주차 불가,비추천,추천,추천,가능,백김치·새싹과 숙성회를 함께 먹는 막회가 대표다. 가족·모임에 좋지만 주차 불가와 긴 웨이팅 후기가 반복됨.,가족식사,A,"백김치새싹막회 우아본점은(는) 전주역·아중리권에 있는 생선회 식당입니다. 대표 메뉴는 새싹막회 소이고 가격은 47,000원. 주차는 주차 불가입니다. 혼밥은 비추천, 2~4인은 추천, 가족식사는 추천, 단체 이용은 가능입니다. 백김치·새싹과 숙성회를 함께 먹는 막회가 대표다. 가족·모임에 좋지만 주차 불가와 긴 웨이팅 후기가 반복됨."
112,동호곱창,"곱창,막창,양",전북특별자치도 전주시 덕진구 우아동3가 748-14,덕진구,우아동3가,전주역·아중리권,한우 곱창전골,27000,없음,비추천,추천,가능,가능,한우 곱이 들어간 곱창전골이 대표이며 저녁 웨이팅 후기가 있다. 2~4인 식사·술자리에 적합함.,,B,"동호곱창은(는) 전주역·아중리권에 있는 곱창,막창,양 식당입니다. 대표 메뉴는 한우 곱창전골이고 가격은 27,000원. 주차는 없음입니다. 혼밥은 비추천, 2~4인은 추천, 가족식사는 가능, 단체 이용은 가능입니다. 한우 곱이 들어간 곱창전골이 대표이며 저녁 웨이팅 후기가 있다. 2~4인 식사·술자리에 적합함."
113,백제꼬치,"오뎅,꼬치",전북특별자치도 전주시 덕진구 우아동3가 748-21 1층,덕진구,우아동3가,전주역·아중리권,모둠꼬치,12000,매장 옆 1대·18시 이후 노상,비추천,추천,비추천,가능,다양한 꼬치류를 먹는 술집으로 매장 옆 1대와 저녁 노상 주차 후기가 있다. 주차 공간은 매우 제한적.,술자리,B,"백제꼬치은(는) 전주역·아중리권에 있는 오뎅,꼬치 식당입니다. 대표 메뉴는 모둠꼬치이고 가격은 12,000원대. 주차는 매장 옆 1대·18시 이후 노상입니다. 혼밥은 비추천, 2~4인은 추천, 가족식사는 비추천, 단체 이용은 가능입니다. 다양한 꼬치류를 먹는 술집으로 매장 옆 1대와 저녁 노상 주차 후기가 있다. 주차 공간은 매우 제한적."
114,새만금,생선회,전북특별자치도 전주시 덕진구 우아동3가 747-44,덕진구,우아동3가,전주역·아중리권,도미회 대,65000,없음,비추천,추천,가능,가능,도미회와 갈치조림·탕류가 언급되는 포차형 횟집이다. 당일 예약 후기가 있고 가격은 오래된 자료라 재확인 필요.,,C,"새만금은(는) 전주역·아중리권에 있는 생선회 식당입니다. 대표 메뉴는 도미회 대이고 가격은 65,000원(2019 확인가). 주차는 없음입니다. 혼밥은 비추천, 2~4인은 추천, 가족식사는 가능, 단체 이용은 가능입니다. 도미회와 갈치조림·탕류가 언급되는 포차형 횟집이다. 당일 예약 후기가 있고 가격은 오래된 자료라 재확인 필요."
115,완산벌연탄집,"육류,고기요리",전북특별자치도 전주시 덕진구 우아동3가 746-10 1층,덕진구,우아동3가,전주역·아중리권,허브삼겹살,14000,인근 공영주차장·주민센터,비추천,추천,추천,가능,연탄에 굽는 허브삼겹살·매운갈비가 대표다. 원형 테이블과 붐비는 저녁 분위기이며 인근 공영주차장을 활용할 수 있음.,가족식사|주차대안,A,"완산벌연탄집은(는) 전주역·아중리권에 있는 육류,고기요리 식당입니다. 대표 메뉴는 허브삼겹살이고 가격은 14,000원. 주차는 인근 공영주차장·주민센터입니다. 혼밥은 비추천, 2~4인은 추천, 가족식사는 추천, 단체 이용은 가능입니다. 연탄에 굽는 허브삼겹살·매운갈비가 대표다. 원형 테이블과 붐비는 저녁 분위기이며 인근 공영주차장을 활용할 수 있음."
116,에이치 샌드위치,샌드위치,전북특별자치도 전주시 덕진구 송천동1가 826-10,덕진구,송천동1가,송천동·에코시티권,잠봉뵈르 샌드위치,9000,전용 없음·골목,추천,추천,추천,제한적,수제 샤퀴테리 잠봉뵈르와 피자를 파는 브런치형 매장이다. 분위기와 테라스는 좋지만 전용주차장은 없다는 후기가 있음.,혼밥|가족식사,A,"에이치 샌드위치은(는) 송천동·에코시티권에 있는 샌드위치 식당입니다. 대표 메뉴는 잠봉뵈르 샌드위치이고 가격은 7,500~11,000원. 주차는 전용 없음·골목입니다. 혼밥은 추천, 2~4인은 추천, 가족식사는 추천, 단체 이용은 제한적입니다. 수제 샤퀴테리 잠봉뵈르와 피자를 파는 브런치형 매장이다. 분위기와 테라스는 좋지만 전용주차장은 없다는 후기가 있음."
117,와룡소바,"우동,소바",전북특별자치도 전주시 덕진구 송천동2가 556-10,덕진구,송천동2가,송천동·에코시티권,소바,9000,없음,추천,추천,가능,제한적,온라인에서 신뢰할 만한 최신 상세 리뷰를 충분히 확인하지 못해 업종 특성 중심으로 분류함.,혼밥,D,"와룡소바은(는) 송천동·에코시티권에 있는 우동,소바 식당입니다. 대표 메뉴는 소바이고 가격은 7,000~11,000원(추정)이며 실제 메뉴판과 다를 수 있습니다. 주차는 없음입니다. 혼밥은 추천, 2~4인은 추천, 가족식사는 가능, 단체 이용은 제한적입니다. 온라인에서 신뢰할 만한 최신 상세 리뷰를 충분히 확인하지 못해 업종 특성 중심으로 분류함."
118,아서원1920 전주본점,중식당,전북특별자치도 전주시 덕진구 송천동2가 1422 파인트리몰 3층,덕진구,송천동2가,송천동·에코시티권,평일 점심 코스,18000,파인트리몰 지하주차장,가능,추천,추천,추천,정통 중식과 코스요리를 제공하며 룸·대형 주차장 때문에 가족모임과 단체식사에 특히 적합함.,가족식사|단체모임|주차대안,A,"아서원1920 전주본점은(는) 송천동·에코시티권에 있는 중식당 식당입니다. 대표 메뉴는 평일 점심 코스이고 가격은 18,000원부터. 주차는 파인트리몰 지하주차장입니다. 혼밥은 가능, 2~4인은 추천, 가족식사는 추천, 단체 이용은 추천입니다. 정통 중식과 코스요리를 제공하며 룸·대형 주차장 때문에 가족모임과 단체식사에 특히 적합함."
119,스시아시타 송천,"초밥,롤",전북특별자치도 전주시 덕진구 송천동2가 492-1 1층 입구건물,덕진구,송천동2가,송천동·에코시티권,아시타 스탠다드 A 초밥 12p,22000,건물 지하·공영주차 1시간권,가능,추천,추천,추천,프리미엄 초밥과 사시미를 제공하고 룸·단체석 및 주차권 후기가 있어 가족·모임에 적합함.,가족식사|단체모임|주차대안,A,"스시아시타 송천은(는) 송천동·에코시티권에 있는 초밥,롤 식당입니다. 대표 메뉴는 아시타 스탠다드 A 초밥 12p이고 가격은 22,000원. 주차는 건물 지하·공영주차 1시간권입니다. 혼밥은 가능, 2~4인은 추천, 가족식사는 추천, 단체 이용은 추천입니다. 프리미엄 초밥과 사시미를 제공하고 룸·단체석 및 주차권 후기가 있어 가족·모임에 적합함."
120,우라우라,일식당,전북특별자치도 전주시 덕진구 송천동2가 1331-5 1층 107호,덕진구,송천동2가,송천동·에코시티권,대표 일식 메뉴,20000,없음,추천,추천,가능,제한적,온라인에서 신뢰할 만한 최신 상세 리뷰를 충분히 확인하지 못해 업종 특성 중심으로 분류함.,혼밥,D,"우라우라은(는) 송천동·에코시티권에 있는 일식당 식당입니다. 대표 메뉴는 대표 일식 메뉴이고 가격은 15,000~26,000원(추정)이며 실제 메뉴판과 다를 수 있습니다. 주차는 없음입니다. 혼밥은 추천, 2~4인은 추천, 가족식사는 가능, 단체 이용은 제한적입니다. 온라인에서 신뢰할 만한 최신 상세 리뷰를 충분히 확인하지 못해 업종 특성 중심으로 분류함."
121,잇미버거,햄버거,전북특별자치도 전주시 덕진구 송천동2가 1327-8 1층 110호 eatmeburger,덕진구,송천동2가,송천동·에코시티권,브리스킷 버거,12000,인근 공영주차장,추천,추천,추천,제한적,수제버거와 2·4인 플래터가 있으며 바·2인·4인 좌석으로 혼밥부터 가족 소규모 식사까지 가능하다.,혼밥|가족식사|주차대안,A,"잇미버거은(는) 송천동·에코시티권에 있는 햄버거 식당입니다. 대표 메뉴는 브리스킷 버거이고 가격은 12,000원. 주차는 인근 공영주차장입니다. 혼밥은 추천, 2~4인은 추천, 가족식사는 추천, 단체 이용은 제한적입니다. 수제버거와 2·4인 플래터가 있으며 바·2인·4인 좌석으로 혼밥부터 가족 소규모 식사까지 가능하다."
122,광장포차 시골집,한식,"전북특별자치도 전주시 덕진구 덕진동1가 664-6 117호, 118호",덕진구,덕진동1가,전북대·덕진공원권,닭발,18000,주차 가능 표기,비추천,추천,비추천,추천,실내포차 감성의 다양한 안주와 저렴한 식사류가 특징이다. 대학생부터 중장년까지 모임 술자리로 이용됨.,단체모임|주차대안,A,"광장포차 시골집은(는) 전북대·덕진공원권에 있는 한식 식당입니다. 대표 메뉴는 닭발이고 가격은 18,000원. 주차는 주차 가능 표기입니다. 혼밥은 비추천, 2~4인은 추천, 가족식사는 비추천, 단체 이용은 추천입니다. 실내포차 감성의 다양한 안주와 저렴한 식사류가 특징이다. 대학생부터 중장년까지 모임 술자리로 이용됨."
123,동창야채닭갈비 덕진점,닭갈비,전북특별자치도 전주시 덕진구 금암동 668-3,덕진구,금암동,전북대·금암동권,닭갈비(1인),11000,주차 가능 표기,비추천,추천,추천,가능,매콤달달한 닭갈비와 사리·볶음밥 조합이 가성비 좋다는 후기가 있다. 조리되어 나와 식사가 편함.,가족식사|주차대안,A,"동창야채닭갈비 덕진점은(는) 전북대·금암동권에 있는 닭갈비 식당입니다. 대표 메뉴는 닭갈비(1인)이고 가격은 11,000원. 주차는 주차 가능 표기입니다. 혼밥은 비추천, 2~4인은 추천, 가족식사는 추천, 단체 이용은 가능입니다. 매콤달달한 닭갈비와 사리·볶음밥 조합이 가성비 좋다는 후기가 있다. 조리되어 나와 식사가 편함."
124,덕천식당,"순대,순댓국",전북특별자치도 전주시 덕진구 금암동 709-9,덕진구,금암동,전북대·금암동권,순대국밥,8000,매장 주차장 4~5대,추천,추천,가능,제한적,순대가 아닌 내장과 고기가 들어가는 전주식 순대국밥으로 양이 넉넉하다는 후기다. 매장 주차 4~5대 가능.,혼밥|주차대안,A,"덕천식당은(는) 전북대·금암동권에 있는 순대,순댓국 식당입니다. 대표 메뉴는 순대국밥이고 가격은 8,000원. 주차는 매장 주차장 4~5대입니다. 혼밥은 추천, 2~4인은 추천, 가족식사는 가능, 단체 이용은 제한적입니다. 순대가 아닌 내장과 고기가 들어가는 전주식 순대국밥으로 양이 넉넉하다는 후기다. 매장 주차 4~5대 가능."
